"","d.alb.jan","d.alb.feb","d.alb.mar","d.alb.apr","d.alb.may","d.alb.jun","d.alb.jul","d.alb.aug","d.alb.sep","d.alb.oct","d.alb.nov","d.alb.dec","convert.code","Lat","Lon"
"2442",0.053195,0.0375675,0.0523075,0.0302246666666667,0.05079825,0.06482125,0.057545,0.0581515,0.05463325,0.041625,0.005811,-0.02012,3,48.35725278,-92.98071996
"2583",0.05248,0.0374975,0.046065,0.030288,0.05080575,0.06486125,0.05762,0.058104,0.05448825,0.0416016666666667,0.00103925000000001,-0.024625,3,48.28588314,-92.96769055
"2584",0.050195,0.037375,0.0431975,0.030428,0.05082325,0.06485875,0.057615,0.058149,0.05462825,0.0416613333333333,0.0044645,-0.02529,3,48.29450741,-92.86058443
"2851",0.051505,0.0491925,0.054025,0.0303946666666667,0.05059075,0.06502875,0.0579375,0.057304,0.05243825,0.040856,0.00206799999999999,0.01671,3,48.01281242,-94.43351906
"2984",0.0543525,0.0423975,0.05268,0.030424,0.05052575,0.06516375,0.0581475,0.056894,0.05154825,0.040528,0.00793925,0.02531,3,47.85897277,-95.2666014
"3130",0.04991,0.0401025,0.0504425,0.030398,0.05056325,0.06514875,0.058165,0.0570615,0.05191325,0.0403273333333333,0.00198175,0.0104675,3,47.84019089,-94.7216976
"3266",0.049865,0.0411475,0.0451175,0.030488,0.05052575,0.06525875,0.05834,0.0568065,0.05139825,0.0403936666666667,0.000708500000000004,0.014785,3,47.71682754,-95.23480103
"3273",0.0499025,0.0397125,0.048505,0.030318,0.05058575,0.06517375,0.05823,0.057104,0.05201575,0.040686,0.00583625,-0.0166075,3,47.78928153,-94.4948957
"3737",0.0437075,0.03726,0.0467325,0.0291946666666667,0.05155075,0.06518625,0.0583425,0.058704,0.05683825,0.0430393333333333,0.0085685,0.02421,3,47.90609305,-90.09901174
"3876",0.05226,0.0423425,0.0475325,0.029318,0.05149075,0.06522375,0.0584225,0.058619,0.05647325,0.0428793333333333,0.008791,0.02655,3,47.8220684,-90.30303243
"3877",0.0466825,0.047655,0.0521275,0.0292113333333333,0.05152325,0.06522625,0.05843,0.058644,0.05659575,0.042946,0.008351,0.0262525,3,47.82832074,-90.19648136
"3968",0.0498475,0.0420225,0.0499525,0.030468,0.05051575,0.06555375,0.0588825,0.0565515,0.05098325,0.040446,0.00388175,0.019365,3,47.32923249,-95.4704944
"3969",0.0501475,0.0417775,0.05345,0.0304146666666667,0.05051825,0.06553375,0.0588675,0.0565715,0.05101825,0.0404693333333333,0.006247,0.0224025,3,47.34007032,-95.36571306
"3970",0.0516675,0.0415425,0.05546,0.0304913333333333,0.05052575,0.06551875,0.05885,0.056599,0.05105325,0.040496,0.0113355,0.027455,3,47.35081556,-95.26089021
"4109",0.050355,0.04208,0.04869,0.0298946666666667,0.05051825,0.06560125,0.05898,0.0565315,0.05095575,0.0404493333333333,0.007561,0.00607,3,47.25820311,-95.4544624
"4110",0.051925,0.04189,0.0517575,0.0300346666666667,0.05052325,0.06558625,0.0589625,0.0565465,0.05098825,0.0404826666666667,0.00736775,0.015565,3,47.26902657,-95.3498143
"4111",0.054265,0.0422075,0.05516,0.0301546666666667,0.05053325,0.06556875,0.058945,0.056569,0.05102075,0.040506,0.00986275,0.026715,3,47.27975755,-95.24512486
"4112",0.05508,0.0425175,0.055665,0.0302113333333333,0.05054075,0.06555125,0.0589325,0.0565965,0.05106075,0.0405293333333333,0.009091,0.0246375,3,47.29039601,-95.14039439
"4152",0.0433225,0.0417225,0.05046,0.0290946666666667,0.05132825,0.06529125,0.0585925,0.0583315,0.05541075,0.0424293333333333,0.007636,0.0190125,3,47.63948005,-90.9214318
"4250",0.0527275,0.0421475,0.0482825,0.029248,0.05052325,0.06565125,0.059075,0.0565115,0.05093825,0.0404626666666667,0.0082585,0.002435,3,47.18717322,-95.43847207
"4253",0.05501,0.046485,0.055985,0.030308,0.05054575,0.06560125,0.05903,0.0565665,0.05102325,0.0405426666666667,0.00841675,0.028855,3,47.21932351,-95.12480329
"4292",0.057935,0.0374925,0.04355,0.0287046666666667,0.05130575,0.06532875,0.05868,0.0582415,0.05511075,0.0423193333333333,0.00790100000000001,0.0293366666666667,3,47.56105304,-91.01723863
"4390",0.0496575,0.042475,0.0506325,0.030292,0.05052075,0.06571375,0.059185,0.0564865,0.05091575,0.0404593333333333,0.00848825,0.019445,3,47.10525563,-95.5268645
"4391",0.0497875,0.0422325,0.0474575,0.0291733333333333,0.05052825,0.06569875,0.05917,0.0564965,0.05092825,0.0404826666666667,0.0073985,0.0073725,3,47.1161427,-95.42252327
"4394",0.0512625,0.0414575,0.05454,0.030248,0.05055075,0.06565125,0.0591225,0.0565415,0.05099825,0.0405493333333333,0.0074295,0.0284025,3,47.14825055,-95.10925272
"4395",0.051135,0.0412975,0.0550475,0.0299913333333333,0.05056075,0.06563375,0.0591075,0.0565615,0.05103075,0.040576,0.0088885,0.02986,3,47.15876853,-95.00474802
"4396",0.054275,0.0409825,0.055525,0.029698,0.05057325,0.06561875,0.059095,0.0565865,0.05106825,0.040606,0.0083325,0.029885,3,47.1691941,-94.90020327
"4405",0.05002,0.0446775,0.0502775,0.029938,0.05069575,0.06550125,0.058975,0.056894,0.05165825,0.0408826666666667,0.00743250000000001,0.0266775,3,47.25885718,-93.95755334
"4431",0.0557825,0.0357175,0.0389075,0.028178,0.05125575,0.06536625,0.0587725,0.0581015,0.05467825,0.0421593333333333,0.00934275,0.0106275,3,47.47548512,-91.21852909
"4537",0.055065,0.0410375,0.05498,0.0289113333333333,0.05057575,0.06566875,0.0591875,0.056559,0.05103575,0.040616,0.010413,0.024515,3,47.09809294,-94.8849587
"4538",0.05059,0.0407975,0.055085,0.0277493333333333,0.05058825,0.06565375,0.059175,0.0565815,0.05107075,0.0406393333333333,0.00761175,0.0256525,3,47.10841241,-94.78050727
"4675",0.052855,0.04212,0.0470075,0.0298106666666667,0.05055825,0.06576375,0.0593225,0.056494,0.05094575,0.040553,0.00763275,0.0212425,3,46.99552036,-95.18247207
"4680",0.0538475,0.042415,0.05369,0.028448,0.05061075,0.06568875,0.0592525,0.056579,0.05107575,0.040676,0.01001825,0.02507,3,47.04751069,-94.66107717
"4687",0.04059,0.0443925,0.05277,0.0297213333333333,0.05071075,0.06559375,0.059165,0.056804,0.05149825,0.0408736666666667,0.007307,0.0246325,3,47.11641755,-93.92950621
"4710",0.045435,0.035175,0.04265,0.0294646666666667,0.05119075,0.06544625,0.0589725,0.0578465,0.05398825,0.0419006666666667,0.0072925,0.02678,3,47.31076287,-91.51383509
"4814",0.05498,0.0440925,0.051665,0.0302946666666667,0.05054825,0.06584625,0.059445,0.056474,0.05094325,0.040546,0.01158875,0.026285,3,46.90304628,-95.37492439
"4850",0.0354175,0.035065,0.040745,0.0284546666666667,0.05117325,0.06548625,0.0590675,0.0577415,0.05371825,0.0418293333333333,0.00701,0.01677,3,47.23187217,-91.60821122
"4851",0.0485125,0.0390075,0.0403475,0.0285813333333333,0.05119825,0.06548625,0.0590625,0.057789,0.05384825,0.041809,0.00724375,0.01329,3,47.23928502,-91.50297427
"4884",0.053965,0.0380225,0.0349325,0.0273846666666667,0.05227325,0.06556125,0.0592025,0.058579,0.05726325,0.044086,0.008176,0.015755,3,47.43120567,-88.0163367
"4990",0.034265,0.03889,0.0453975,0.0293313333333333,0.05116075,0.06552875,0.059165,0.0576365,0.05346575,0.041756,0.00757575,0.0253675,3,47.1529084,-91.70231486
"4991",0.04754,0.041035,0.0417975,0.0286413333333333,0.05118575,0.06552875,0.05916,0.057684,0.05359325,0.0418126666666667,0.0077125,0.016245,3,47.16040482,-91.59724268
"5104",0.053325,0.0405525,0.0516425,0.029818,0.05065075,0.06581875,0.05951,0.056529,0.05103075,0.040746,0.006856,0.0206225,3,46.84420185,-94.51249124
"5109",0.0535475,0.039325,0.0524675,0.0296913333333333,0.05072325,0.06574875,0.059445,0.0566515,0.05123825,0.040866,0.007271,0.0271525,3,46.89322759,-93.99193071
"5243",0.05127,0.041265,0.054,0.029978,0.05063825,0.06589625,0.0596225,0.0564865,0.05098325,0.040715,0.00601400000000001,0.02411,3,46.75282833,-94.70553503
"5390",0.054185,0.039935,0.0512225,0.0297546666666667,0.05073575,0.06585625,0.0596325,0.0565665,0.05111075,0.0408626666666667,0.008621,0.024975,3,46.74121319,-94.06790246
"5530",0.05236,0.04013,0.053515,0.0294013333333333,0.05073075,0.06591875,0.059725,0.0565215,0.05105575,0.0408693333333333,0.0083085,0.0234775,3,46.66034004,-94.15760353
"5559",0.044605,0.0343025,0.0398825,0.0290113333333333,0.05132825,0.06567625,0.0594875,0.057639,0.05355575,0.0419493333333333,0.00700925,0.00149,3,46.90343695,-91.13524889
"5671",0.050815,0.0400625,0.0493625,0.0290346666666667,0.05074075,0.06596375,0.05981,0.056509,0.05104325,0.0408893333333333,0.005596,0.0192225,3,46.5891535,-94.14345595
"5701",0.013805,0.03901,0.0404625,0.0289146666666667,0.05136575,0.06571375,0.0595675,0.0576265,0.05354575,0.0419826666666667,0.00693475,0.0061275,3,46.83891556,-91.02042635
"5812",0.0516025,0.0401425,0.0526875,0.0295846666666667,0.05075825,0.06601125,0.0598925,0.056494,0.05104325,0.040916,0.005981,0.02295,3,46.5179658,-94.12934479
"5836",0.04536,0.0368125,0.0500025,0.028958,0.05121825,0.06576875,0.0596725,0.057304,0.05270575,0.0416573333333333,0.007417,0.008465,3,46.72416957,-91.63629239
"5842",0.032195,0.0370775,0.0429825,0.028838,0.05137575,0.06575375,0.0596475,0.057574,0.05341825,0.0419626666666667,0.0071485,0.003855,3,46.76740244,-91.01029935
"5843",NA,NA,NA,NA,0.05140325,0.06575375,0.0596425,0.0576165,0.05353825,NA,NA,NA,3,46.77428302,-90.90587322
"5949",0.05264,0.0442125,0.0524525,0.0297346666666667,0.05072575,0.06612125,0.060025,0.0564815,0.05107825,0.0408993333333333,0.009306,0.02463,3,46.40731205,-94.52834808
"5968",0.054325,0.0379075,0.052945,0.0291446666666667,0.05102825,0.06587625,0.059815,0.056874,0.05172075,0.0411616666666667,0.00655800000000001,0.02527,3,46.5817039,-92.56124622
"5970",0.0521325,0.0457475,0.051025,0.0290846666666667,0.05107075,0.06585625,0.0597975,0.0569515,0.05189575,0.041366,0.0079985,0.00776999999999999,3,46.59813008,-92.35348784
"5979",0.0423325,0.0345075,0.0512925,0.0288546666666667,0.05127825,0.06580375,0.05974,0.0573365,0.05280825,0.0417266666666667,0.0074465,0.014245,3,46.66747564,-91.41710105
"5980",0.05047,0.0343475,0.0401025,0.0288313333333333,0.05130575,0.06579875,0.059735,0.057384,0.05292825,0.041774,0.00708925,0.016265,3,46.67471809,-91.3129159
"5981",0.0545,0.0341975,0.040955,0.0288246666666667,0.05133825,0.06579875,0.0597325,0.057429,0.05305325,0.0418456666666667,0.00703475,0.01145,3,46.68186787,-91.20870355
"5982",0.0511575,0.034095,0.0387575,0.0288013333333333,0.05136575,0.06579625,0.0597275,0.057474,0.05317575,0.0418966666666667,0.00762225,0.016145,3,46.68892495,-91.10446435
"6110",0.025385,0.042775,0.0478975,0.029068,0.05106075,0.06591125,0.059885,0.056869,0.05172075,0.0413326666666667,0.0079285,-0.000379999999999998,3,46.51858768,-92.44544457
"6118",0.037895,0.034975,0.050885,0.0288513333333333,0.05124325,0.06585375,0.05983,0.0571965,0.05248075,0.041642,0.00722375,0.00508,3,46.58125593,-91.61451264
"6120",0.0424225,0.0344725,0.0504625,0.0288013333333333,0.05129075,0.06584375,0.0598175,0.0572865,0.05269575,0.0417316666666667,0.00702275,0.0078675,3,46.59599942,-91.40649193
"6121",0.0424925,0.03432,0.0475825,0.0287846666666667,0.05131575,0.06583875,0.0598125,0.0573315,0.05280325,0.041776,0.007021,0.0122725,3,46.60323242,-91.30244026
"6122",0.0521666666666667,0.0341575,0.0457925,0.0287546666666667,0.05134575,0.06583875,0.05981,0.0573765,0.05292575,0.0418326666666667,0.00801225,0.02083,3,46.61037288,-91.19836151
"6123",0.050385,0.03401,0.045825,0.028738,0.05137325,0.06583375,0.059805,0.057419,0.05304825,0.041886,0.0093835,0.02639,3,46.61742076,-91.094256
"6145",0.0338925,0.01645,0.043455,0.0286813333333333,0.05211325,0.06586875,0.0597825,0.0581165,0.05565075,0.0434176666666667,0.008546,0.0089575,3,46.74898385,-88.79785839
"6146",0.0238375,0.0348525,0.043175,0.0287346666666667,0.05214825,0.06586625,0.0597875,0.0581165,0.05571575,0.0435166666666667,0.0081535,0.0112375,3,46.75389346,-88.69323219
"6148",0.04543,0.039135,0.0542775,0.028828,0.05221575,0.06587375,0.0598025,0.0581065,0.05584075,0.0436866666666667,0.0088835,0.015915,3,46.76343271,-88.48392469
"6254",0.049495,0.0415025,0.05281,0.0289346666666667,0.05113825,0.06592625,0.05994,0.0569465,0.05188825,0.0414426666666667,0.0087885,0.0256075,3,46.47137273,-92.12255608
"6258",0.0391325,0.0387725,0.04799,0.028818,0.05123075,0.06590125,0.0599125,0.057109,0.05226575,0.0415853333333333,0.0071305,0.0075175,3,46.5022978,-91.70750053
"6259",0.04652,0.0352375,0.0470625,0.028798,0.05125325,0.06589625,0.059905,0.057149,0.05236575,0.0416133333333333,0.00823275,0.00965000000000001,3,46.50979847,-91.60366498
"6260",0.0438425,0.0346375,0.053105,0.028768,0.05127825,0.06588875,0.0599,0.0571915,0.05247575,0.0416826666666667,0.007431,0.0100575,3,46.51720681,-91.49980144
"6262",0.03977,0.0357925,0.053805,0.0287113333333333,0.05132825,0.06587875,0.05989,0.057279,0.05269075,0.0417693333333333,0.0073485,0.0062525,3,46.5317464,-91.29199172
"6279",0.05063,0.0327125,0.037,0.028068,0.05187825,0.06589125,0.0598425,0.0579715,0.05481825,0.04264,-0.00922425,-0.00547,3,46.64037821,-89.52152494
"6281",0.0507366666666667,0.032905,0.0392925,0.0284213333333333,0.05194825,0.06589375,0.05984,0.0580215,0.05505575,0.0429793333333333,0.00450566666666667,-0.0181566666666667,3,46.65139476,-89.31279962
"6282",0.047645,0.0346025,0.0442425,0.0284346666666667,0.05198575,0.06589875,0.05984,0.058039,0.05517075,0.0430643333333333,0.00528175,0.00325499999999999,3,46.65676349,-89.20840606
"6403",0.0469975,0.0414875,0.0527925,0.0286646666666667,0.05134325,0.06592125,0.0599625,0.0572315,0.05258075,0.041766,0.006911,0.007775,3,46.46025991,-91.28157017
"6408",0.0304733333333333,0.033495,0.043155,0.0285446666666667,0.05148825,0.06591375,0.0599425,0.0574465,0.05316075,0.042016,0.0069035,0.01045,3,46.49494569,-90.76224513
"6409",0.026495,0.0386375,0.0461925,0.028518,0.05151825,0.06591125,0.0599375,0.057489,0.05327575,0.0420693333333333,0.007371,0.0195025,3,46.50160552,-90.65830319
"6539",0.0468475,0.0386025,0.047305,0.0287446666666667,0.05123075,0.06599375,0.0600725,0.056974,0.05197575,0.0415593333333333,0.0079235,0.02605,3,46.35182711,-91.78916721
"6540",0.0462625,0.0375575,0.0464475,0.0287146666666667,0.05125325,0.06598625,0.0600625,0.057014,0.05207075,0.0415926666666667,0.0073885,0.022515,3,46.35940043,-91.68562443
"6542",0.0469575,0.0384725,0.0477425,0.028658,0.05130325,0.06597375,0.06005,0.0570965,0.05226325,0.0416733333333333,0.0067985,0.00919500000000001,3,46.37427088,-91.47845485
"6547",0.0454725,0.0337425,0.0432225,0.0285213333333333,0.05143825,0.06595375,0.060025,0.057309,0.05280075,0.041896,0.007786,0.0116725,3,46.40983423,-90.96005646
"6568",0.04623,0.0423,0.04455,0.0283846666666667,0.05215575,0.06598375,0.0599775,0.057959,0.05528825,0.043402,0.009756,0.0205266666666667,3,46.53395567,-88.77624079
"6665",0.050665,0.0388175,0.0510025,0.029248,0.05096075,0.06619375,0.0602875,0.056514,0.05116575,0.041226,0.0074785,0.0295675,3,46.15592781,-93.32572174
"6678",0.0530125,0.0491775,0.0537775,0.0287646666666667,0.05119575,0.06605375,0.06016,0.0568565,0.05172325,0.041496,0.007241,0.024385,3,46.26498419,-91.98487648
"6679",0.053715,0.0451475,0.05145,0.028728,0.05122325,0.06604375,0.0601525,0.0568915,0.05180575,0.0415293333333333,0.007661,0.0270675,3,46.27273151,-91.88152241
"6683",0.04661,0.0461775,0.04407,0.0286046666666667,0.05131825,0.06601875,0.060125,0.0570515,0.05216325,0.0416793333333333,0.00670600000000001,0.0065525,3,46.30280182,-91.46782278
"6817",0.05083,0.049325,0.0523625,0.0287913333333333,0.05117075,0.06611375,0.06025,0.0567515,0.05152075,0.041456,0.007111,0.0235175,3,46.17781302,-92.17997366
"6834",0.05135,0.0339625,0.04738,0.0282446666666667,0.05161825,0.06603625,0.0601425,0.057424,0.05315325,0.042146,0.0068035,0.014925,3,46.29997361,-90.42242346
"6845",0.043735,0.038065,0.0483925,0.0280013333333333,0.05201075,0.06605625,0.0600975,0.0578165,0.05455825,0.042946,0.00757850000000001,-0.00701,3,46.36482569,-89.2814024
"6956",0.0476225,0.0484925,0.0527,0.0287946666666667,0.05114575,0.06617625,0.0603425,0.0566615,0.05137325,0.041436,0.0081985,0.02548,3,46.09031493,-92.37445933
"6957",0.04817,0.0496275,0.051915,0.028758,0.05116325,0.06616875,0.0603325,0.056689,0.05142325,0.041456,0.007396,0.023555,3,46.09840854,-92.27148431
"6958",0.04494,0.038615,0.0471925,0.028748,0.05118575,0.06615875,0.0603275,0.056719,0.05147075,0.041476,0.006926,0.0228125,3,46.10641067,-92.16847954
"6959",0.047465,0.0396575,0.048125,0.0287146666666667,0.05120325,0.06614875,0.060315,0.056749,0.05152825,0.0414993333333333,0.006911,0.025115,3,46.11432129,-92.06544535
"6960",0.05294,0.0432775,0.0525025,0.0286746666666667,0.05122825,0.06613875,0.0603075,0.0567815,0.05159075,0.0415156666666667,0.0069335,0.02753,3,46.12214034,-91.96238205
"6986",0.038865,0.0321833333333333,0.04523,0.0279113333333333,0.05202325,0.06609375,0.0601575,0.057769,0.05444075,0.0429426666666667,0.008221,-0.000230000000000008,3,46.29318289,-89.27360373
"6994",0.0508333333333333,0.0346325,0.0395275,0.0283013333333333,0.05228325,0.06609625,0.0601725,0.0577765,0.05511825,0.0437526666666667,0.006946,0.0171366666666667,3,46.33326404,-88.4432794
"6999",0.0443225,0.03853,0.0444225,0.0285813333333333,0.05243075,0.06610375,0.06023,0.0577465,0.05533075,0.0441126666666667,0.008896,0.0167725,3,46.35530476,-87.92375105
"7001",0.0430975,0.0363725,0.0490425,0.028558,0.05248075,0.06610875,0.0602575,0.057739,0.05539325,0.0441793333333333,0.00939725,0.000822500000000004,3,46.36347194,-87.71582773
"7028",0.044815,0.040915,0.04557,0.0288513333333333,0.05353325,0.06640875,0.0608225,0.0576565,0.05630325,0.043896,0.00904875,0.0126775,3,46.43734544,-84.90413435
"7094",0.04646,0.047455,0.0449975,0.0289213333333333,0.05111325,0.06625625,0.06045,0.056574,0.05126825,0.0414226666666667,0.00769850000000001,0.0202875,3,45.99413409,-92.67108821
"7096",0.048185,0.048985,0.048745,0.0288346666666667,0.05114825,0.06623625,0.0604275,0.0566115,0.05131575,0.0414493333333333,0.0085035,0.0264925,3,46.01075714,-92.4655494
"7097",0.050765,0.0455875,0.0524725,0.0287613333333333,0.05116575,0.06622375,0.0604175,0.056639,0.05134825,0.041466,0.008001,0.0259575,3,46.01893175,-92.3627344
"7098",0.0498675,0.05005,0.051095,0.0287146666666667,0.05118075,0.06621375,0.0604075,0.056664,0.05138575,0.041486,0.0073085,0.0257225,3,46.02701504,-92.25988945
"7099",0.05302,0.0463125,0.0523275,0.028658,0.05120325,0.06620375,0.0603975,0.0566915,0.05143075,0.0415026666666667,0.007191,0.02591,3,46.03500696,-92.15701485
"7100",0.0440525,0.043455,0.0460475,0.028678,0.05122075,0.06619625,0.06039,0.056719,0.05148075,0.041526,0.0067985,0.02177,3,46.04290748,-92.05411095
"7101",0.0518925,0.0480325,0.04859,0.0286346666666667,0.05124075,0.06618375,0.0603825,0.0567515,0.05153575,0.0415493333333333,0.006641,0.019685,3,46.05071655,-91.95117805
"7105",0.0531425,0.03684,0.0529675,0.028468,0.05133325,0.06615625,0.06035,0.0568865,0.05181075,0.0416626666666667,0.0073835,0.023805,3,46.08103766,-91.53916312
"7236",0.0491,0.050095,0.046315,0.0288546666666667,0.05115075,0.06629375,0.0605125,0.056579,0.05129075,0.041476,0.00737100000000001,0.022295,3,45.93112742,-92.55638
"7241",0.052655,0.03986,0.0522,0.0285946666666667,0.05123825,0.06624125,0.0604625,0.0566915,0.05144325,0.041556,0.0069535,0.0244325,3,45.97149225,-92.04280554
"7242",0.050755,0.0408,0.05114,0.0285846666666667,0.05125825,0.06622875,0.0604525,0.0567215,0.05149075,0.041576,0.006736,0.02413,3,45.97929137,-91.94000272
"7244",0.0425725,0.0437575,0.0497025,0.0285213333333333,0.05130325,0.06621875,0.0604375,0.056784,0.05160575,0.041626,0.006901,0.0113125,3,45.99461548,-91.73431175
"7251",0.023755,0.0379275,0.04558,0.0282446666666667,0.05147825,0.06617375,0.060385,0.0570365,0.05218575,0.041866,0.006946,0.0052375,3,46.0453675,-91.01353156
"7277",0.0480125,0.0345325,0.038655,0.0278546666666667,0.05232325,0.06617125,0.06029,0.0576615,0.05493575,0.0438926666666667,0.007651,0.01883,3,46.19445542,-88.32626504
"7288",0.04816,0.0265725,0.04438,0.0287546666666667,0.05264075,0.06621625,0.0604575,0.0576215,0.05531575,0.0442626666666667,0.0118435,0.00662749999999999,3,46.23874888,-87.18556302
"7375",0.0513,0.049995,0.043995,0.0289246666666667,0.05114825,0.06636125,0.0606025,0.056544,0.05130575,0.041516,0.007221,0.021485,3,45.84299898,-92.74941696
"7380",0.0510675,0.045085,0.05105,0.0286646666666667,0.05122325,0.06630875,0.060555,0.0566215,0.05135575,0.0415593333333333,0.007286,0.02328,3,45.88422342,-92.23678851
"7381",0.052725,0.040545,0.05195,0.028608,0.05124075,0.06629625,0.060545,0.0566465,0.05138325,0.041576,0.0072485,0.0237825,3,45.89219504,-92.1341733
"7382",0.052735,0.036215,0.052365,0.028558,0.05125825,0.06628875,0.060535,0.056669,0.05141825,0.0415926666666667,0.0071385,0.0229375,3,45.90007548,-92.031529
"7384",0.04957,0.036085,0.0524275,0.028438,0.05129575,0.06626625,0.060515,0.056724,0.05150075,0.041622,0.0069135,0.0205425,3,45.91556266,-91.82615442
"7389",0.0511325,0.0348625,0.0427975,0.0283113333333333,0.05141325,0.06623625,0.060475,0.0568865,0.05184075,0.0417726666666667,0.007521,0.017015,3,45.95268232,-91.31223155
"7407",0.0543375,0.03327,0.04459,0.027608,0.05199825,0.06620875,0.06034,0.057584,0.05384075,0.042765,0.004247,0.0098625,3,46.0673483,-89.45692002
"7424",0.010825,0.0289225,0.04083,0.0284246666666667,0.05249325,0.06621625,0.0604175,0.057589,0.05505575,0.044226,0.007331,0.010935,3,46.14826914,-87.69854102
"7525",0.0505925,0.0356175,0.05259,0.0284346666666667,0.05131575,0.06631375,0.060585,0.056699,0.05147575,0.041666,0.006941,0.0257325,3,45.84412461,-91.81516562
"7558",0.042965,0.0340175,0.04687,0.0277213333333333,0.05230325,0.06624125,0.06038,0.0575765,0.05469075,0.0438693333333333,0.00744475,0.01408,3,46.04648157,-88.41653088
"7571",0.0356675,0.0383475,0.0490625,0.0285413333333333,0.05267325,0.06630375,0.060575,0.057529,0.05513325,0.0442726666666667,0.008326,0.009425,3,46.09869338,-87.07189587
"7582",0.04367,0.0361825,0.0413725,0.028768,0.05308825,0.06642375,0.0607725,0.057529,0.05557325,0.044186,0.0050435,0.0153125,3,46.13067419,-85.93242259
"7679",0.04326,0.0329975,0.0529825,0.0278446666666667,0.05168325,0.06629125,0.0605325,0.0571215,0.05244075,0.0421393333333333,0.00757850000000001,0.00841749999999999,3,45.86420475,-90.47002708
"7704",0.0378525,0.0399725,0.04965,0.0281446666666667,0.05243575,0.06627875,0.06048,0.057499,0.05478575,0.0442193333333333,0.00744225,0.0124725,3,45.99668385,-87.89368223
"7797",0.044365,0.0491175,0.0437825,0.0289346666666667,0.05124325,0.06650625,0.0608175,0.056559,0.05151825,0.0417426666666667,0.006861,0.0252425,3,45.62046849,-92.81510696
"7845",0.01466,0.0349025,0.04959,0.028048,0.05243575,0.06631125,0.0605225,0.057454,0.05468825,0.044246,0.0073735,0.010755,3,45.924958,-87.88771477
"7962",0.041365,0.032835,0.0522925,0.0276613333333333,0.05175575,0.06637625,0.0606375,0.0570915,0.05238325,0.042226,0.00730850000000001,0.01766,3,45.72747285,-90.34901078
"7986",0.032015,0.035385,0.0427425,0.0279546666666667,0.05243075,0.06634375,0.06056,0.0574115,0.05459575,0.0442826666666667,0.007426,0.01168,3,45.85323134,-87.88176261
"8123",0.0201625,0.036845,0.0498525,0.0276213333333333,0.05231575,0.06636125,0.0605475,0.0573865,0.05436325,0.0441326666666667,0.007721,0.0087425,3,45.76423457,-88.28724232
"8247",0.0208,0.03241,0.049355,0.0273646666666667,0.05188825,0.06645375,0.06071,0.057139,0.05254325,0.0424393333333333,0.0069685,0.0161,3,45.60289189,-90.02389986
"8250",0.0444625,0.03206,0.05044,0.027208,0.05197575,0.06644875,0.06067,0.057239,0.05286825,0.042626,0.005196,0.0177975,3,45.62062864,-89.71671028
"8264",0.020035,0.0444125,0.0496775,0.027528,0.05230575,0.06639125,0.060585,0.0573365,0.05427325,0.0441793333333333,0.0072835,0.0088775,3,45.69252781,-88.2807967
"8266",0.015705,0.0426575,0.04596,0.027658,0.05235825,0.06639375,0.060605,0.057329,0.05434825,0.0442926666666667,0.0071935,0.01174,3,45.70133477,-88.07538189
"8267",0.017395,0.0378775,0.0405725,0.027718,0.05238325,0.06639625,0.06062,0.0573265,0.05438575,0.0443226666666667,0.0071035,0.01189,3,45.70560078,-87.97265064
"8268",0.03118,0.0429925,0.0419125,0.0277746666666667,0.05241325,0.06640375,0.0606375,0.0573265,0.05441825,0.044346,0.007176,0.0119175,3,45.70977511,-87.86990393
"8269",0.030515,0.036115,0.045695,0.0278146666666667,0.05244075,0.06640625,0.06065,0.057324,0.05444575,0.044356,0.0071085,0.0129475,3,45.71385773,-87.76714211
"8385",0.0290875,0.03296,0.050675,0.027488,0.05182325,0.06650375,0.0608,0.057004,0.05222325,0.0423593333333333,0.0068735,0.00830750000000001,3,45.51276276,-90.32186592
"8386",0.028895,0.03277,0.048155,0.0274213333333333,0.05185075,0.06649875,0.060785,0.0570415,0.05230325,0.042396,0.006956,0.0142466666666667,3,45.5190318,-90.2196871
"8387",0.0210525,0.0326,0.0476575,0.0273613333333333,0.05187575,0.06649625,0.0607725,0.057074,0.05239075,0.0424326666666667,0.0069185,0.0072325,3,45.52520984,-90.1174857
"8388",0.0252675,0.03244,0.0489925,0.0273013333333333,0.05190575,0.06649375,0.06076,0.057109,0.05248575,0.0424826666666667,0.0076935,0.00117749999999999,3,45.53129683,-90.01526202
"8391",0.0483125,0.0320925,0.04863,0.0271313333333333,0.05198575,0.06648875,0.0607175,0.057204,0.05279325,0.0426693333333333,0.007266,0.0205925,3,45.54901128,-89.70846062
"8404",0.0189066666666667,0.035135,0.0426475,0.0273613333333333,0.05226075,0.06641875,0.060605,0.057299,0.05414825,0.0441626666666667,0.0070785,0.0085025,3,45.61628463,-88.37691994
"8405",0.019855,0.0427625,0.0483125,0.0274346666666667,0.05228825,0.06641375,0.060615,0.057294,0.05419075,0.044236,0.0070535,0.00834499999999999,3,45.62081981,-88.27436752
"8409",0.0180025,0.045475,0.03785,0.0276713333333333,0.05239825,0.06642875,0.0606675,0.0572865,0.05433575,0.0443826666666667,0.0070085,0.0101675,3,45.63804531,-87.86399731
"8526",0.0382775,0.0330225,0.0489075,0.027438,0.05184575,0.06654625,0.0608525,0.0569815,0.05219075,0.042416,0.0067335,0.0154875,3,45.44118915,-90.31286358
"8527",0.046855,0.0328325,0.0475075,0.0273746666666667,0.05187575,0.06654125,0.0608375,0.057014,0.05226825,0.0424526666666667,0.007031,0.0191325,3,45.44745034,-90.21081349
"8546",0.0263,0.0343375,0.043825,0.0273446666666667,0.05227325,0.06644125,0.060645,0.0572515,0.05410825,0.044296,0.006931,0.0087425,3,45.54911046,-88.26795473
"8547",0.0142975,0.0438125,0.04321,0.0274013333333333,0.05230075,0.06644125,0.060655,0.0572515,0.05415075,0.044346,0.007016,0.0086775,3,45.55354854,-88.16551615
"8665",0.0329525,0.040395,0.0465675,0.027538,0.05183575,0.06659375,0.0609275,0.0569015,0.05205325,0.0424293333333333,0.006521,0.00485,3,45.35683459,-90.50765886
"8666",0.0516525,0.0332925,0.0500725,0.027468,0.05185825,0.06658875,0.0609125,0.0569315,0.05210825,0.042456,0.006901,0.0242475,3,45.36326944,-90.40578299
"8667",0.0547625,0.033105,0.0472175,0.0274046666666667,0.05188075,0.06658375,0.0609025,0.0569615,0.05218325,0.0424926666666667,0.00719350000000001,0.0184625,3,45.36961357,-90.30388406
"8687",0.0202,0.044,0.04045,0.0272413333333333,0.05225075,0.06646375,0.06067,0.057219,0.05403825,0.044356,0.0069185,0.00809499999999999,3,45.47739966,-88.26155827
"8688",0.01229,0.04313,0.0447975,0.027298,0.05228575,0.06647125,0.0606825,0.0572165,0.05408575,0.0444026666666667,0.0069335,0.008385,3,45.48183216,-88.15924957
"8689",0.0299175,0.0410475,0.0488,0.0273613333333333,0.05231075,0.06646875,0.060695,0.0572115,0.05411325,0.044436,0.0069535,0.006855,3,45.48617337,-88.05692494
"8691",0.03376,0.03894,0.04557,0.027468,0.05237075,0.06648375,0.0607275,0.057214,0.05418325,0.044466,0.0069785,0.00517,3,45.49458182,-87.85222918
"8804",0.028675,0.039495,0.0450925,0.0276546666666667,0.05184075,0.06664125,0.0609975,0.0568315,0.05197325,0.042476,0.006991,0.0186075,3,45.27214744,-90.70187188
"8806",0.0529125,0.03749,0.0490325,0.0275113333333333,0.05187825,0.06663625,0.060975,0.056889,0.05206075,0.0425126666666667,0.00672600000000001,0.0233025,3,45.28527286,-90.49844617
"8807",0.0530375,0.0333925,0.048215,0.0274413333333333,0.05189825,0.06663125,0.0609625,0.0569165,0.05212575,0.042546,0.00681350000000001,0.019245,3,45.2916997,-90.39669821
"8826",0.01545,0.0396825,0.0464,0.0270213333333333,0.05217575,0.06648875,0.0606825,0.0571815,0.05387325,0.0442893333333333,0.006866,0.0077525,3,45.39655993,-88.45948742
"8827",0.010985,0.0414675,0.0463425,0.027088,0.05220075,0.06648625,0.060685,0.0571815,0.05392325,0.044366,0.00689600000000001,0.00863,3,45.40116918,-88.357341
"8828",0.0190725,0.0456825,0.0469525,0.0271413333333333,0.05223075,0.06648625,0.060695,0.057179,0.05397075,0.0444226666666667,0.006911,0.0084825,3,45.40568729,-88.25517806
"8829",0.0215525,0.039775,0.0469475,0.0271946666666667,0.05226075,0.06649125,0.0607075,0.057179,0.05401325,0.044466,0.0069185,0.0088925,3,45.41011423,-88.15299892
"8832",0.02591,0.0380425,0.0431425,0.0273646666666667,0.05235075,0.06650875,0.060755,0.0571815,0.05411575,0.0445226666666667,0.006966,0.0074025,3,45.4228479,-87.84636757
"8865",0.043735,0.0412875,0.0562625,0.0282846666666667,0.05303825,0.06656625,0.0609925,0.0574115,0.05586575,0.044586,0.008061,0.01255,3,45.5086252,-84.46653475
"8867",0.0404,0.03839,0.05643,0.0283846666666667,0.05303825,0.06656375,0.061005,0.057434,0.05592575,0.044526,0.008196,0.00832749999999998,3,45.51061916,-84.26143736
"8945",0.0437625,0.034145,0.047425,0.027638,0.05189325,0.06668375,0.061045,0.0568265,0.05201325,0.0425726666666667,0.0066135,0.020315,3,45.20059977,-90.69242755
"8952",0.03265,0.0327525,0.046325,0.027118,0.05201075,0.06666125,0.06095,0.0570115,0.05239325,0.0427793333333333,0.007196,0.00874,3,45.24489778,-89.9809293
"8968",0.0204325,0.045305,0.0453125,0.026988,0.05217825,0.06650625,0.06071,0.0571465,0.05386325,0.044446,0.006876,0.0083725,3,45.32946078,-88.35084783
"9005",0.035745,0.03855,0.054805,0.0281346666666667,0.05296325,0.06656875,0.060985,0.057389,0.05578325,0.0446793333333333,0.00867850000000001,0.01379,3,45.43564906,-84.56739516
"9109",0.011625,0.01762,0.0375825,0.0268946666666667,0.05215075,0.06652625,0.060735,0.057114,0.05380825,0.0445393333333333,0.0068685,0.0079925,3,45.25775057,-88.34437111
"9110",0.0105575,0.03391,0.0442725,0.0269513333333333,0.05218075,0.06652625,0.06074,0.057114,0.05385075,0.0445826666666667,0.0068885,0.00584,3,45.2622574,-88.24246619
"9146",0.03445,0.0371825,0.0548975,0.0280613333333333,0.05288575,0.06656625,0.06098,0.057374,0.05573075,0.0447493333333333,0.0075135,0.011125,3,45.36380608,-84.56571693
"9147",0.0314833333333333,0.039025,0.05432,0.028108,0.05289075,0.06656375,0.060985,0.0573865,0.05576575,0.0447226666666667,0.0085935,0.01101,3,45.3649377,-84.46343492
"9248",0.00789999999999999,0.0251225,0.034565,0.0267513333333333,0.05207825,0.06654875,0.060755,0.057079,0.05365075,0.0445126666666667,0.006831,0.0081075,3,45.17676361,-88.54141426
"9291",0.0331225,0.037505,0.0548675,0.0282246666666667,0.05281575,0.06655375,0.061,0.057404,0.05579075,0.0446926666666667,0.00805350000000001,0.0094525,3,45.2959346,-84.15541253
"9428",0.0360875,0.038805,0.054555,0.027918,0.05274575,0.06655625,0.060965,0.057344,0.05562825,0.0448926666666667,0.008506,0.0121975,3,45.22011576,-84.56237326
"9431",0.039015,0.0422175,0.0482125,0.028078,0.05274325,0.06655625,0.060985,0.057379,0.05570825,0.0447926666666667,0.008656,0.00919999999999999,3,45.22322853,-84.25629457
"9571",0.0363575,0.043285,0.04427,0.027968,0.05267075,0.06655125,0.0609725,0.0573515,0.05562575,0.0448993333333333,0.0080285,0.0115525,3,45.15043188,-84.35691761
"9574",0.0336375,0.0397575,0.055595,0.0281346666666667,0.05268075,0.06655125,0.0609975,0.057389,0.05568825,0.0447893333333333,0.0075935,0.0126225,3,45.15299424,-84.05120646
"9645",0.028925,0.0411175,0.04456,0.027998,0.05222075,0.06688375,0.0613025,0.056759,0.05237075,0.0431093333333333,0.006731,0.00546,3,44.8086796,-91.14991075
"9714",0.037265,0.0437725,0.0486025,0.0279946666666667,0.05261575,0.06654625,0.0609825,0.057359,0.05560325,0.0448926666666667,0.007321,0.01134,3,45.08037699,-84.15196789
"9787",0.023645,0.0427275,0.03504,0.0279213333333333,0.05232325,0.06691125,0.0613325,0.0567765,0.05246075,0.043246,0.006566,0.00946000000000001,3,44.74415736,-91.03928562
"9788",0.0269,0.0388225,0.04072,0.0278413333333333,0.05232825,0.06690875,0.06132,0.056789,0.05245325,0.0432493333333333,0.006556,0.0095275,3,44.75106744,-90.93856498
"9991",0.0343025,0.0371725,0.042545,0.0275946666666667,0.05247575,0.06653375,0.06093,0.057269,0.05538075,0.0452226666666667,0.0077335,0.011815,3,44.93150065,-84.65723961
"9993",0.0335475,0.037355,0.0434625,0.0277146666666667,0.05248325,0.06653375,0.06095,0.057289,0.05542325,0.0451493333333333,0.008451,0.0124275,3,44.93383779,-84.45422936
"9995",0.02636,0.037695,0.04912,0.0278346666666667,0.05249825,0.06654125,0.0609625,0.057314,0.05545825,0.0450793333333333,0.007251,0.0109,3,44.93581196,-84.25120374
"9996",0.0280633333333333,0.0404025,0.03888,0.0278913333333333,0.05250575,0.06654375,0.0609725,0.0573265,0.05547575,0.045036,0.0072235,0.0107975,3,44.93666291,-84.14968596
"9997",0.031535,0.037455,0.041905,0.0279513333333333,0.05251075,0.06654375,0.06098,0.0573365,0.05549075,0.044996,0.007211,0.01101,3,44.93742311,-84.04816531
"9998",0.03677,0.0391375,0.046145,0.0280146666666667,0.05252075,0.06654625,0.0609925,0.0573515,0.05550075,0.0449526666666667,0.0076235,0.012585,3,44.93809254,-83.94664212
"10133",0.03764,0.03837,0.0435925,0.027588,0.05242575,0.06652625,0.06093,0.0572615,0.05534075,0.045266,0.0082235,0.01204,3,44.86085939,-84.55408786
"10136",0.0260766666666667,0.0375475,0.050825,0.0277713333333333,0.05244325,0.06653625,0.060955,0.0572965,0.05539325,0.0451493333333333,0.0074785,0.01079,3,44.86395294,-84.24993906
"10137",0.01245,0.03905,0.044885,0.0278313333333333,0.05245075,0.06654125,0.0609675,0.057309,0.05540825,0.045106,0.007356,0.0106175,3,44.86480284,-84.14854932
"10138",0.0318675,0.0374525,0.0478025,0.0278913333333333,0.05246575,0.06654375,0.0609775,0.057319,0.05542325,0.045066,0.0073935,0.0107425,3,44.8655621,-84.04715671
"10141",0.03635,0.04423,0.037595,0.028078,0.05249825,0.06655875,0.0610075,0.057359,0.05545075,0.044936,0.0079035,0.0122225,3,44.86729597,-83.74296495
"10142",0.04362,0.0382375,0.0504125,0.028128,0.05251325,0.06656125,0.061015,0.0573715,0.05545575,0.0448893333333333,0.00859850000000001,0.00634750000000001,3,44.86769261,-83.64156412
"10212",0.0178525,0.042185,0.0313125,0.027758,0.05264325,0.06699625,0.0614075,0.056824,0.05273575,0.043676,0.006581,0.0102575,3,44.54322689,-90.80930285
"10271",0.03399,0.037115,0.041275,0.027338,0.05236075,0.06651875,0.0608975,0.057214,0.05521825,0.0454493333333333,0.00789600000000001,0.0118925,3,44.78509761,-84.85617182
"10274",0.034675,0.038575,0.04823,0.0275213333333333,0.05237575,0.06652125,0.060925,0.0572415,0.05528075,0.045346,0.0081485,0.011335,3,44.789002,-84.55244331
"10277",0.033995,0.03773,0.048595,0.0277113333333333,0.05239825,0.06653375,0.06095,0.057279,0.05532575,0.0452226666666667,0.0077435,0.0108175,3,44.79209175,-84.24867756
"10279",0.0346175,0.0379325,0.0467925,0.0278346666666667,0.05242075,0.06654375,0.0609725,0.0573015,0.05535075,0.045136,0.00827600000000001,0.0116325,3,44.79369894,-84.04615066
"10282",0.0265533333333333,0.038375,0.0344,0.0280313333333333,0.05245575,0.06655625,0.0610025,0.0573365,0.05537075,0.0450093333333333,0.00724600000000001,0.01124,3,44.79543067,-83.74234211
"10283",0.03591,0.0447325,0.0431475,0.0280413333333333,0.05247075,0.06656375,0.0610125,0.057349,0.05538075,0.0449593333333333,0.007656,0.0134925,3,44.79582683,-83.64106904
"10284",0.0361525,0.0376425,0.04817,0.0281413333333333,0.05248575,0.06656625,0.061025,0.0573615,0.05538325,0.044916,0.007746,0.013215,3,44.79613244,-83.53979471
"10353",0.0112825,0.0437875,0.031505,0.0277546666666667,0.05274825,0.06702125,0.061435,0.0568315,0.05282825,0.0438226666666667,0.006591,0.0098025,3,44.47166656,-90.79984452
"10406",0.02885,0.036765,0.0455025,0.026938,0.05228825,0.06651375,0.0608425,0.0571415,0.05498075,0.045716,0.007651,0.010035,3,44.70300325,-85.46069672
"10411",0.0430125,0.0370825,0.0414325,0.0272146666666667,0.05230575,0.06650875,0.0608775,0.0571865,0.05513825,0.045566,0.007501,0.0115375,3,44.71176207,-84.95525522
"10420",0.0281475,0.025015,0.0368875,0.0277846666666667,0.05238325,0.06653875,0.0609675,0.057279,0.05527575,0.0452093333333333,0.008506,0.0116625,3,44.72183351,-84.04514713
"10422",0.034905,0.038065,0.0342675,0.0279113333333333,0.05240825,0.06655125,0.06099,0.0573015,0.05529075,0.045126,0.008496,0.01152,3,44.72307702,-83.84286493
"10423",0.02409,0.037895,0.03284,0.0279746666666667,0.05242075,0.06655375,0.061,0.057319,0.05530075,0.0450793333333333,0.007326,0.00996000000000001,3,44.72356312,-83.74172084
"10425",0.0401925,0.0378825,0.040085,0.0280646666666667,0.05245325,0.06656875,0.0610225,0.0573465,0.05531325,0.044986,0.008061,0.0124025,3,44.72426402,-83.53942831
"10496",0.03304,0.046575,0.03112,0.0275946666666667,0.05283325,0.06703875,0.06144,0.056854,0.05292575,0.044046,0.0066885,0.015945,3,44.41339344,-90.59009347
"10497",0.031405,0.0425475,0.0310575,0.0275213333333333,0.05282325,0.06703125,0.06143,0.056859,0.05294075,0.0440926666666667,0.006651,0.00985,3,44.41990495,-90.48990087
"10543",0.0302375,0.0365,0.04437,0.026668,0.05222075,0.06651125,0.060805,0.057094,0.05476575,0.0459093333333333,0.007781,0.00859,3,44.62253579,-85.86164004
"10552",0.050095,0.0371125,0.04616,0.027148,0.05226075,0.06649875,0.0608675,0.057164,0.05508075,0.045646,0.0082285,0.019335,3,44.63990658,-84.95311097
"10559",0.045505,0.04402,0.0323125,0.027588,0.05232575,0.06652875,0.0609425,0.057239,0.05518825,0.045366,0.0088235,0.01141,3,44.64836245,-84.24616408
"10560",0.027315,0.0297475,0.0345275,0.027658,0.05233825,0.06653375,0.0609525,0.0572515,0.05519575,0.0453226666666667,0.0077235,0.01056,3,44.64920923,-84.14515652
"10561",0.017425,0.01941,0.031085,0.0277213333333333,0.05235325,0.06654125,0.060965,0.057264,0.05520575,0.0452793333333333,0.0077285,0.011035,3,44.6499657,-84.04414612
"10562",0.01936,0.0211325,0.0300725,0.0277913333333333,0.05236075,0.06654625,0.0609775,0.057274,0.05521325,0.045236,0.0077135,0.0114325,3,44.65063186,-83.94313322
"10563",0.0292025,0.0251666666666667,0.030225,0.027858,0.05237575,0.06654875,0.060985,0.057289,0.05522325,0.0451893333333333,0.007231,0.010305,3,44.65120769,-83.84211811
"10564",0.0134066666666667,0.0380275,0.03234,0.027918,0.05239325,0.06655875,0.0609975,0.057299,0.05522825,0.0451426666666667,0.007196,0.010745,3,44.6516932,-83.74110114
"10565",0.032345,0.04331,0.0356175,0.027958,0.05240825,0.06656375,0.0610075,0.057314,0.05523075,0.0450993333333333,0.007761,0.01219,3,44.65208839,-83.64008261
"10688",0.04344,0.03708,0.042445,0.026788,0.05218825,0.06649125,0.060815,0.057099,0.05489075,0.0458993333333333,0.0079635,0.011545,3,44.55931111,-85.45514622
"10692",0.0512175,0.0389,0.0453125,0.0270213333333333,0.05220825,0.06649125,0.06085,0.057134,0.05500325,0.045766,0.0081435,0.0182125,3,44.56648136,-85.05181891
"10696",0.04544,0.038985,0.0323375,0.027268,0.05224575,0.06650375,0.0608875,0.0571765,0.05507825,0.0456126666666667,0.007396,0.011665,3,44.57220917,-84.64840076
"10700",0.04432,0.0432,0.0349825,0.0275313333333333,0.05229075,0.06652875,0.0609375,0.057224,0.05512075,0.0454426666666667,0.007886,0.01114,3,44.57649412,-84.24491208
"10707",0.0455775,0.040685,0.0360325,0.027998,0.05239825,0.06657375,0.0610175,0.057304,0.05515825,0.0451193333333333,0.00817850000000001,0.01326,3,44.58052,-83.53869828
"10775",0.01173,0.03347,0.0284375,0.0278213333333333,0.05309825,0.06709875,0.0615075,0.0568465,0.05308325,0.0442593333333333,0.0067435,0.00998499999999999,3,44.2502013,-90.87148705
"10776",0.0141775,0.030035,0.02659,0.0277413333333333,0.05308075,0.06709375,0.0615025,0.056849,0.05307825,0.0442926666666667,0.0066935,0.011615,3,44.25696415,-90.77161056
"10782",0.042995,0.034945,0.0311,0.0273213333333333,0.05292575,0.06703375,0.06142,0.0568715,0.05315075,0.0446993333333333,0.006796,0.011975,3,44.29567181,-90.17187281
"10783",0.043355,0.0350625,0.032385,0.027258,0.05288325,0.06701875,0.061405,0.056874,0.05317325,0.044796,0.0074785,0.0148975,3,44.30181125,-90.07183953
"10835",0.05041,0.04056,0.0387025,0.027068,0.05219075,0.06649125,0.06086,0.0571365,0.05498575,0.0457726666666667,0.0081685,0.01473,3,44.49766315,-84.84811274
"10836",0.0503975,0.0375925,0.0465225,0.027028,0.05220075,0.06649625,0.06087,0.057149,0.05500325,0.0457326666666667,0.008326,0.018625,3,44.49904834,-84.74738186
"10841",0.0496775,0.03781,0.0431175,0.0274713333333333,0.05226325,0.06652375,0.06093,0.0572015,0.05505325,0.0455126666666667,0.007331,0.0113575,3,44.50462319,-84.24366321
"10844",0.0449375,0.043515,0.032475,0.0276846666666667,0.05230825,0.06654625,0.0609675,0.0572365,0.05507075,0.045376,0.007636,0.01023,3,44.50688707,-83.94139196
"10922",0.04101,0.0365775,0.028705,0.0273846666666667,0.05305575,0.06706375,0.06146,0.0568715,0.05319075,0.044796,0.006901,0.0086575,3,44.21782932,-90.2631355
"10923",0.0403725,0.0355525,0.0298725,0.0273213333333333,0.05301575,0.06704875,0.0614425,0.056869,0.05320575,0.0448926666666667,0.0068385,0.0083675,3,44.22405043,-90.16324706
"10972",0.049995,0.0379575,0.0440425,0.026768,0.05212325,0.06646625,0.0608025,0.0570765,0.05485075,0.0460093333333333,0.008396,0.0169425,3,44.41936454,-85.24847674
"10973",0.0348375,0.037025,0.043845,0.0268313333333333,0.05213075,0.06647125,0.0608175,0.0570865,0.05487575,0.045976,0.0087735,0.0113725,3,44.42110779,-85.1478938
"10982",0.04999,0.0373525,0.0401825,0.0274213333333333,0.05224325,0.06652375,0.0609275,0.057184,0.05498575,0.045596,0.0077585,0.0116575,3,44.43274956,-84.24241747
"11063",0.0355675,0.0400725,0.028325,0.0273846666666667,0.05314825,0.06707625,0.061475,0.056869,0.05324325,0.044986,0.0067885,0.00779000000000001,3,44.14621165,-90.25440812
"11119",0.047115,0.0375125,0.036995,0.0270946666666667,0.05216075,0.06649125,0.06087,0.057119,0.05489075,0.0458493333333333,0.007966,0.011525,3,44.35660376,-84.64315049
"11120",0.050435,0.037255,0.039015,0.0271613333333333,0.05217575,0.06649875,0.0608825,0.057129,0.05489825,0.0458026666666667,0.0079485,0.0142125,3,44.35780589,-84.54266233
"11121",0.0502125,0.037285,0.0412275,0.027228,0.05219075,0.06650375,0.060895,0.057139,0.05490825,0.0457526666666667,0.007626,0.010905,3,44.35891817,-84.44217013
"11122",0.053615,0.0373175,0.039815,0.027298,0.05220575,0.06651375,0.06091,0.0571515,0.05491325,0.0457093333333333,0.007466,0.01144,3,44.35994058,-84.34167419
"11130",0.055035,0.0392575,0.037535,0.0278646666666667,0.05235325,0.06658875,0.0610175,0.057254,0.05490825,0.045306,0.009101,0.0137675,3,44.36488436,-83.53761007
"11244",0.01716,0.0425875,0.027865,0.0261346666666667,0.05200575,0.06644625,0.0607,0.0569665,0.05442075,0.046496,0.007526,0.009105,3,44.25331849,-86.24640975
"11246",0.0236866666666667,0.0368025,0.0268475,0.0262113333333333,0.05201325,0.06643875,0.0607075,0.0569765,0.05450575,0.0464493333333333,0.007511,0.00927500000000001,3,44.25850018,-86.04588916
"11247",0.011845,0.036575,0.02826,0.0262513333333333,0.05201575,0.06643625,0.0607125,0.056979,0.05454325,0.0464226666666667,0.007501,0.009435,3,44.26095659,-85.94561565
"11257",0.0479425,0.0379725,0.0365725,0.0268413333333333,0.05210325,0.06646875,0.06082,0.0570665,0.05479575,0.0460593333333333,0.0077585,0.015155,3,44.28058909,-84.94247
"11259",0.039875,0.03717,0.036025,0.0269713333333333,0.05212825,0.06648125,0.0608475,0.057089,0.05481325,0.0459693333333333,0.007711,0.00887000000000001,3,44.28343914,-84.74176752
"11261",0.04758,0.0372175,0.04127,0.027108,0.05215575,0.06649625,0.0608775,0.0571115,0.05483325,0.0458793333333333,0.007531,0.008275,3,44.28593024,-84.54104642
"11262",0.0460633333333334,0.03724,0.04161,0.027178,0.05217575,0.06650625,0.0608925,0.0571215,0.05483825,0.0458293333333333,0.007596,0.0115175,3,44.28704117,-84.44067967
"11265",0.05358,0.03889,0.037125,0.0273846666666667,0.05222575,0.06653125,0.06093,0.0571565,0.05485575,0.045686,0.008671,0.0146625,3,44.28983543,-84.13955835
"11269",0.0499875,0.03785,0.03693,0.0276746666666667,0.05230075,0.06656875,0.06099,0.0572065,0.05484825,0.0454726666666667,0.0083135,0.0123625,3,44.29230435,-83.73802582
"11388",0.0264133333333333,0.03659,0.0266425,0.0261913333333333,0.05199575,0.06642375,0.060695,0.056959,0.05450825,0.0465093333333333,0.0075585,0.00933249999999999,3,44.18910797,-85.94225395
"11397",0.0487825,0.0371375,0.035745,0.0267146666666667,0.05206825,0.06645875,0.060795,0.057034,0.05472575,0.0461826666666667,0.008581,0.0123225,3,44.2071591,-85.04057616
"11398",0.0449075,0.0373375,0.0352475,0.0267846666666667,0.05208575,0.06646125,0.0608125,0.0570465,0.05473825,0.046136,0.0075735,0.0140125,3,44.20871684,-84.94035773
"11401",0.0418425,0.0371575,0.0395125,0.0269913333333333,0.05212825,0.06648625,0.0608575,0.057079,0.05476325,0.045996,0.0073735,0.00901250000000001,3,44.21285233,-84.63967214
"11406",0.041225,0.0431675,0.034165,0.0273346666666667,0.05221575,0.06653375,0.06093,0.057139,0.05478075,0.045756,0.008096,0.01138,3,44.21795204,-84.1384471
"11409",0.0537,0.0382325,0.0367175,0.0275513333333333,0.05227325,0.06656625,0.060975,0.0571765,0.05477075,0.045596,0.008916,0.016055,3,44.219936,-83.83767636
"11529",0.038145,0.0367325,0.0272875,0.026128,0.05198075,0.06641375,0.06068,0.056939,0.05447575,0.046606,0.00758600000000001,0.0097025,3,44.1172561,-85.93890062
"11530",0.0321975,0.0367475,0.02849,0.0261746666666667,0.05198575,0.06641375,0.060685,0.056944,0.05450825,0.0465726666666667,0.007566,0.00952,3,44.11961719,-85.83886804
"11670",0.033905,0.03673,0.0288125,0.0260813333333333,0.05197825,0.06640375,0.060665,0.056919,0.05444075,0.046686,0.007611,0.00948,3,44.04540088,-85.93555562
"11671",0.0238833333333334,0.0366625,0.02883,0.0261313333333333,0.05198075,0.06640375,0.0606725,0.056924,0.05446575,0.0466626666666667,0.00757600000000001,0.0094825,3,44.04775915,-85.83564724
"11678",0.04364,0.03696,0.031875,0.0265446666666667,0.05203825,0.06643625,0.060765,0.0569865,0.05460575,0.0463826666666667,0.0079035,0.01473,3,44.06176535,-85.13608193
"11691",0.0451225,0.0442525,0.0333125,0.027468,0.05227325,0.06657375,0.0609775,0.0571415,0.05461825,0.045716,0.0106335,0.00934,3,44.07615501,-83.83621051
"11809",0.03892,0.0371375,0.02617,0.0259546666666667,0.05198075,0.06639625,0.060645,0.056889,0.05433825,0.0468193333333333,0.007586,0.0091525,3,43.96856369,-86.13176277
"11810",0.0351266666666667,0.0368825,0.02646,0.025988,0.05197825,0.06639625,0.06065,0.0568915,0.05437075,0.046796,0.007581,0.00866249999999999,3,43.97109755,-86.03199514
"11811",0.0331,0.0256575,0.0254725,0.0260313333333333,0.05197575,0.06639375,0.060655,0.056899,0.05440075,0.0467693333333333,0.007606,0.009115,3,43.97354221,-85.93221893
"11812",0.0232866666666667,0.036735,0.0289075,0.026078,0.05198075,0.06639625,0.06066,0.0569065,0.05442825,0.0467426666666667,0.007606,0.0091,3,43.97589766,-85.83243445
"11813",0.030875,0.0367,0.0320675,0.0261246666666667,0.05198075,0.06640125,0.0606725,0.0569115,0.05445325,0.0467093333333333,0.0075785,0.0114775,3,43.97816388,-85.732642
"11819",0.034575,0.0374625,0.0314575,0.0264913333333333,0.05203575,0.06643375,0.060755,0.0569665,0.05455325,0.0464626666666667,0.0075135,0.0113025,3,43.98988712,-85.13373716
"11827",0.0423625,0.0364575,0.0326775,0.0270513333333333,0.05216825,0.06652125,0.06089,0.057059,0.05457575,0.046066,0.0094985,0.0129375,3,44.00051817,-84.33488312
"11951",0.0324875,0.0374,0.0259775,0.0259413333333333,0.05198575,0.06638875,0.06064,0.056874,0.05433825,0.0468793333333333,0.007646,0.0091675,3,43.89923822,-86.02854317
"11952",0.01055,0.033475,0.02569,0.0259813333333333,0.05198575,0.06639125,0.060645,0.0568765,0.05436575,0.0468526666666667,0.00760600000000001,0.009065,3,43.90167997,-85.92889051
"11953",0.0190125,0.0440775,0.02584,0.0260313333333333,0.05198575,0.06639125,0.060655,0.056884,0.05439075,0.0468226666666667,0.0075935,0.009065,3,43.90403261,-85.82922962
"11968",0.04477,0.03971,0.0319175,0.0270113333333333,0.05217575,0.06652125,0.06089,0.057044,0.05450325,0.0461326666666667,0.0085385,0.0107475,3,43.92862378,-84.33353501
"12092",0.0301,0.037885,0.028065,0.025908,0.05200075,0.06638375,0.060635,0.056854,0.05430075,0.0469493333333333,0.007646,0.00878,3,43.82737523,-86.02509974
"12093",0.02639,0.039065,0.0241875,0.0259446666666667,0.05199825,0.06638125,0.06064,0.0568615,0.05433075,0.0469293333333333,0.0076085,0.00887499999999999,3,43.82981407,-85.92557034
"12094",0.0334225,0.0379375,0.0266525,0.0259813333333333,0.05199325,0.06638375,0.0606475,0.056869,0.05435325,0.046896,0.007686,0.00925750000000001,3,43.83216392,-85.82603272
"12234",0.030755,0.0365925,0.0259775,0.0259113333333333,0.05201825,0.06637875,0.060635,0.0568415,0.05429325,0.0469993333333333,0.007621,0.008625,3,43.75794441,-85.92225838
"12235",0.0389325,0.037045,0.02693,0.0259513333333333,0.05201325,0.06637875,0.06064,0.056849,0.05431325,0.0469693333333333,0.00785350000000001,0.00930499999999999,3,43.76029147,-85.82284374
"12375",0.030225,0.036465,0.02564,0.0258746666666667,0.05204075,0.06637375,0.06063,0.0568265,0.05425325,0.0470693333333333,0.007701,0.00887999999999999,3,43.68607088,-85.9189546
