"","pal.st.jan","pal.st.feb","pal.st.mar","pal.st.apr","pal.st.may","pal.st.jun","pal.st.jul","pal.st.aug","pal.st.sep","pal.st.oct","pal.st.nov","pal.st.dec","convert.code","Lat","Lon"
"3116",256.623706253583,259.372654049699,269.397372878375,278.981585780895,286.000848935035,291.011100131558,293.489543083912,292.033065494007,287.744595404275,280.019663774485,271.30602099484,260.986096909012,3,48.32342999,-92.93763516
"3941",258.7148983099,261.156686975562,270.402154541954,280.481019757346,286.711386821817,291.487324636373,293.791702703433,292.468945943208,288.431362484491,280.661039683176,271.952261192264,262.341070560049,3,47.8653977,-95.22779663
"3947",258.348454720113,261.006984611576,270.346751244676,280.260100978009,286.635296696852,291.449665537882,293.760286514766,292.340231098713,288.259782944449,280.561986445059,271.882526261009,262.196214709898,3,47.8653977,-94.67815788
"3995",259.070599767764,261.575470240176,269.707037901505,277.455616229614,284.719866165012,289.714501499775,292.362953129991,290.952374265199,286.527613742312,279.361826866941,271.324924501986,261.986068243931,3,47.8653977,-90.28104786
"3996",259.194325116831,261.709729718539,269.740919803322,277.439064734969,284.718170726123,289.698687393197,292.358698885382,290.973871092671,286.545412205556,279.424220603923,271.43170163397,262.090090819604,3,47.8653977,-90.1894414
"4129",257.556243520229,260.702963829333,270.241667877389,280.129726586821,286.75491656125,291.415628659792,293.654154998593,292.138435282887,288.007431100053,280.43963755279,271.759672891958,261.903526221597,3,47.77379124,-93.57888037
"4330",259.212662036815,261.662118981405,269.810958934104,277.726100062006,284.79009498353,289.801450726264,292.352374543352,290.838948609176,286.489648251338,279.265257175414,271.188767103868,262.366625784005,3,47.68218478,-90.73908015
"4497",259.181217613845,261.570669258644,269.852366423185,277.961352331404,284.94946474015,290.013122064799,292.515642637667,290.96309077491,286.653686941056,279.369333329768,271.219448764597,262.515482501273,3,47.59057832,-91.01389953
"4498",259.320719535755,261.709350338618,269.879582749109,277.92284257784,284.908579732928,289.954671391137,292.46282271662,290.916669447697,286.580502684444,279.352082746099,271.261157578262,262.601949929319,3,47.59057832,-90.92229307
"4700",261.362157734134,263.058840562049,270.051401187495,276.885109218781,284.45708667191,289.888281303069,292.566823073819,291.76975689522,287.791011291218,281.193125078232,273.658385515123,264.679407158734,3,47.49897186,-87.99088639
"4701",261.098792141333,262.947594361849,270.029994356308,276.942770764614,284.452116577315,289.892642059074,292.527072524187,291.709701231694,287.763776336002,281.164398603849,273.532724155127,264.549002703551,3,47.49897186,-87.89927993
"4792",259.138434543722,261.804963597324,270.851300958565,281.135855326944,287.30024706912,291.713951616227,293.974712413602,292.634419138394,288.586962947759,280.795385528836,272.27789823991,262.53220636087,3,47.4073654,-95.13619017
"4799",258.81837338878,261.615360354019,270.850224178083,280.910802025031,287.130317742292,291.662194477944,293.886474062563,292.448581626991,288.372048357322,280.765096196114,272.208047234921,262.533082533905,3,47.4073654,-94.49494496
"4832",259.147341144081,261.585791210002,270.145101381671,278.549254452531,285.364197200012,290.447531301215,292.913235056824,291.33070523709,287.115803276877,279.787222453185,271.48078582012,262.847464089229,3,47.4073654,-91.47193182
"4958",259.406146609257,262.05085080565,270.946569988669,281.434605372654,287.501982721655,291.797339017197,294.058605737438,292.777801299738,288.774175314826,280.854697682343,272.382388556199,262.578431008428,3,47.31575894,-95.50261601
"4959",259.381567192292,262.026034967148,270.946782864322,281.390444022932,287.472294538079,291.791142242988,294.047822468801,292.753154310187,288.742110879141,280.845178640157,272.373009673447,262.58015174359,3,47.31575894,-95.41100955
"4960",259.353603755505,262.005221026694,270.948978133819,281.34476211713,287.444070055648,291.782909129836,294.037256339796,292.729135998882,288.708393504671,280.83561848633,272.363678523231,262.583367190602,3,47.31575894,-95.31940309
"4961",259.316997514192,261.981007607505,270.950151156808,281.307199740741,287.414622256146,291.774671349567,294.027140752926,292.703332821644,288.671770534183,280.82950578492,272.354485828676,262.58491044935,3,47.31575894,-95.22779663
"4962",259.281336526051,261.958110419581,270.951357229859,281.266008351574,287.388116143206,291.76838887178,294.015424573007,292.676537195451,288.641123498759,280.823389435417,272.347129543403,262.589986762843,3,47.31575894,-95.13619017
"4963",259.243813255518,261.93260007585,270.955293655333,281.226512339198,287.358819867824,291.762553719262,294.004406059354,292.649767138463,288.609205548949,280.817287349401,272.335216043155,262.595997914192,3,47.31575894,-95.04458371
"5002",259.44944897828,261.822454831255,270.333707504817,278.792122319429,285.529020022546,290.606243785597,293.073799232426,291.497012119678,287.313189742268,280.034330471306,271.729171314266,263.13796863544,3,47.31575894,-91.47193182
"5129",259.523213793123,262.17686102856,271.042828502965,281.514054457145,287.563458578819,291.853481797498,294.095329495475,292.800550144086,288.795480632456,280.873120978778,272.442407086877,262.632922834773,3,47.22415249,-95.41100955
"5132",259.448005480711,262.114219319007,271.060466246308,281.39102052838,287.472020489722,291.831611846963,294.062272919859,292.724732531255,288.704600946201,280.854734520673,272.41661169044,262.666146219104,3,47.22415249,-95.13619017
"5171",259.522937126931,261.901923272933,270.482274406192,279.118240598843,285.771194636806,290.843062298838,293.265157535102,291.682312789361,287.549984618042,280.270870450185,271.924525449891,263.254486226282,3,47.22415249,-91.56353828
"5206",262.124319044394,263.683563200336,270.376864277352,278.056768134861,285.272923924699,290.526544122377,292.952900031333,292.015231567106,288.192660271301,281.511901109799,273.972537142056,265.620504604583,3,47.22415249,-88.35731222
"5298",259.681892715662,262.334369087329,271.129922391669,281.673417075556,287.679879501782,291.932029184412,294.157471639762,292.873816427616,288.890396489208,280.910678109034,272.524740533817,262.683531872602,3,47.13254603,-95.50261601
"5303",259.602058359942,262.245674305951,271.179288662956,281.481994096281,287.518869968287,291.896439328181,294.101791624727,292.759943878931,288.75338511194,280.891888041833,272.477780438562,262.761189497086,3,47.13254603,-95.04458371
"5305",259.556942446417,262.202429399275,271.198552632847,281.418441411528,287.460808945208,291.880180762252,294.079340374775,292.711409675794,288.699744278873,280.883472715602,272.454321182537,262.78391193916,3,47.13254603,-94.8613708
"5306",259.533391852398,262.181235240875,271.209227195694,281.388214584167,287.431164352199,291.872818537877,294.067431069725,292.68451948465,288.675550091269,280.880829262765,272.445983122338,262.797200087891,3,47.13254603,-94.76976434
"5315",259.170621604667,261.908436435792,271.219573216162,281.133338563843,287.126831009178,291.791160809954,293.957889468632,292.470286669275,288.451215236711,280.88282548538,272.279638500579,262.807157987808,3,47.13254603,-93.94530621
"5339",259.450997144771,261.870554365863,270.586535320569,279.502722021821,286.037759811701,291.084653100312,293.45585977225,291.868803822171,287.753469260178,280.461702304309,272.051879986266,263.216113893576,3,47.13254603,-91.7467512
"5471",259.785574066678,262.415393068479,271.255137459757,281.665706929907,287.6680360875,291.998373490938,294.196499250632,292.882452416523,288.887231765428,280.938806972423,272.573946608273,262.797536406076,3,47.04093957,-95.22779663
"5472",259.764036793762,262.394838358741,271.265811927877,281.632087239923,287.637001088588,291.990936776354,294.186628390097,292.861482518859,288.859375649583,280.936305995948,272.56400768413,262.806999793688,3,47.04093957,-95.13619017
"5475",259.721489390829,262.339198250852,271.303592161808,281.531757209568,287.539427198275,291.968310443928,294.148670366847,292.784931200257,288.785567155162,280.924983534167,272.527218367201,262.851236744285,3,47.04093957,-94.8613708
"5477",259.683196970912,262.302054456843,271.327926496572,281.46607575304,287.465294447373,291.948111291317,294.120554920745,292.733422497875,288.7388541289,280.923179841765,272.498591178387,262.877251931644,3,47.04093957,-94.67815788
"5538",261.836076860785,263.75527102091,270.795291064528,279.167561981589,285.882584331806,291.036127583896,293.283577228211,292.175474914278,288.543775976998,281.800957882966,273.82032040431,265.255839955574,3,47.04093957,-89.09016389
"5639",259.91681245437,262.54489764341,271.297421215398,281.842230517268,287.817858591794,292.119094066,294.301462080164,293.01618051584,289.014847763225,280.987575600586,272.66157978122,262.800961678076,3,46.94933311,-95.41100955
"5645",259.851375858991,262.456731347991,271.377300528949,281.62489249037,287.613567208461,292.070601167144,294.238207006326,292.879931428681,288.875869274123,280.961877684528,272.596667441023,262.886456105081,3,46.94933311,-94.8613708
"5649",259.797765917104,262.390240956498,271.439301215634,281.498374007824,287.460576133553,292.023650019044,294.176991160808,292.770386693245,288.784890926699,280.962919042849,272.53999211181,262.947449980389,3,46.94933311,-94.49494496
"5819",259.9196878231,262.504934812407,271.495353525944,281.560244175324,287.518776131134,292.145029869935,294.294665293227,292.8798381555,288.886245635509,281.005555680037,272.613179018567,262.964715098725,3,46.85772665,-94.49494496
"5857",260.442834578109,262.546097411933,270.853074201576,279.748350876651,286.188982322164,291.341877852169,293.470949794405,291.954363077641,288.142103492766,281.07207922612,272.672472161646,263.762143547854,3,46.85772665,-91.01389953
"5987",260.055673336792,262.627036511856,271.517816326021,281.664934698426,287.665185588889,292.318186654326,294.45785253884,293.057740277627,289.026110837292,281.05812255071,272.710477525373,262.961981752502,3,46.76612019,-94.67815788
"5992",260.012677798421,262.571051446238,271.610097446509,281.523771239769,287.462702548576,292.229926497812,294.360627216481,292.898612939993,288.916144413275,281.079428325028,272.63989970137,263.055618709866,3,46.76612019,-94.22012559
"5994",259.977180966738,262.533001903843,271.633186956185,281.479414898056,287.376830623588,292.186255774,294.325878345822,292.834117082764,288.866952457183,281.094769104941,272.598583940505,263.088397631081,3,46.76612019,-94.03691267
"6027",260.583413024699,262.612926768023,271.01868373656,280.025168862809,286.354737546447,291.544066794903,293.637639733498,292.1117837685,288.336844753111,281.292447304336,272.830414858671,263.8201201005,3,46.76612019,-91.01389953
"6051",261.32489612813,263.22930280334,270.648629092477,279.574663860231,286.148279689884,291.275727773058,293.290787112278,292.100488661551,288.356453763951,281.433506265216,273.222848546479,264.591830381523,3,46.76612019,-88.81534452
"6052",261.333757611509,263.221245476597,270.621405527787,279.521359573426,286.128561055544,291.262404316775,293.278967053764,292.104144618926,288.330063666449,281.393755080296,273.211406765694,264.622232754639,3,46.76612019,-88.72373806
"6053",261.355536901982,263.215654663016,270.597235322963,279.456435238889,286.10487407287,291.248677526845,293.270544385829,292.106544574222,288.303985029757,281.360538555411,273.202875946509,264.658069631657,3,46.76612019,-88.6321316
"6055",261.408378193806,263.212384579949,270.552085756648,279.323923491034,286.055267555787,291.23222855484,293.252374243838,292.118419731326,288.270676841891,281.298776487525,273.203050548333,264.742791532046,3,46.76612019,-88.44891868
"6162",260.126632647049,262.66914988697,271.654362676884,281.542638155694,287.520742327107,292.375461221595,294.510389138002,293.027000241738,289.01870488194,281.144529551423,272.719810812889,263.084168239428,3,46.67451373,-94.22012559
"6194",260.599112469863,262.519434772384,271.120658321972,280.378991775278,286.593563659271,291.725316281701,293.818525151243,292.24561759213,288.387534395025,281.275903832596,272.914254095317,263.734295238361,3,46.67451373,-91.2887189
"6195",260.692210804639,262.612399586787,271.120257944088,280.330804562978,286.56802565184,291.719697908671,293.810305527037,292.245404957632,288.417194514016,281.323662644892,272.962100180431,263.828046134762,3,46.67451373,-91.19711245
"6213",261.290864936389,263.221353136141,270.944559236012,280.026446867639,286.347440790845,291.526159717421,293.459978076472,292.12818303935,288.557817184317,281.657277922469,273.271269149954,264.354142780588,3,46.67451373,-89.54819619
"6216",261.220042632569,263.156713401442,270.821969212991,279.933486143642,286.289371391667,291.44308748356,293.397300596606,292.103377500197,288.465887427252,281.552636978296,273.195450899609,264.338349761433,3,46.67451373,-89.27337681
"6217",261.208870227817,263.145192817655,270.78757796916,279.897041493518,286.274874815567,291.417997927,293.376327527433,292.094790316562,288.43189598988,281.514456543164,273.168154683757,264.340796227521,3,46.67451373,-89.18177035
"6253",260.67705392088,262.147373578262,270.184377524625,278.366523134429,285.637533007859,291.00011305965,293.003517858556,291.995438946042,287.898008761368,280.887492571818,273.186937209947,264.833108049063,3,46.67451373,-85.88393784
"6333",260.239644849181,262.756448821343,271.750629849218,281.582039982114,287.571615298681,292.523389266019,294.641973432579,293.122429184438,289.097339978699,281.2289379465,272.780266788627,263.163024269755,3,46.58290727,-94.12851913
"6351",260.031619016889,262.294342967269,271.652765479359,281.53172808767,287.373916064826,292.315048028377,294.437241413852,292.827684897912,288.704589242546,281.32363323629,272.659815751738,263.215053157225,3,46.58290727,-92.47960287
"6352",260.05883046578,262.288106187697,271.614018973107,281.468007595957,287.337584975451,292.286838113743,294.411828565931,292.801487503315,288.682402061532,281.326114560469,272.685701491669,263.243740052461,3,46.58290727,-92.38799641
"6364",260.756005355127,262.602790185475,271.27430456631,280.640473644444,286.776573395521,291.913152311609,293.967950077044,292.376499234234,288.534416281012,281.405213566654,273.049215735727,263.760189338016,3,46.58290727,-91.2887189
"6365",260.848264645326,262.662416673458,271.253371773148,280.580903797654,286.739571482326,291.896140271368,293.935422989435,292.354687872815,288.539129953025,281.429902082713,273.082315692229,263.851610350694,3,46.58290727,-91.19711245
"6383",261.15412661575,263.035815430391,270.898942768537,280.106388663889,286.369133030243,291.554994948773,293.462848955694,292.091713851921,288.486166919248,281.560531826102,273.136212334289,264.122998037111,3,46.58290727,-89.54819619
"6390",261.110318872169,262.997330908627,270.716558617259,279.932793358904,286.290500620926,291.427286781181,293.353451521928,292.069093122657,288.285716205676,281.312536839469,272.987240081993,264.229874262384,3,46.58290727,-88.90695098
"6534",260.851378512266,262.579339030796,271.368344168412,280.867815218904,286.928896978102,292.049976362366,294.046054763058,292.443192663824,288.613979084646,281.460229555364,273.09350387834,263.710717089664,3,46.49130082,-91.2887189
"6539",261.092755301338,262.744077845921,271.232747814912,280.569343410478,286.72064380463,291.91556136813,293.842066648333,292.282836553806,288.603968314465,281.539903628553,273.161160810611,263.885013055725,3,46.49130082,-90.83068661
"6540",261.12203010115,262.766487193854,271.208676529752,280.515269890725,286.68377304963,291.890115807308,293.802873569935,292.250526895183,288.599049316782,281.549780900194,273.160796813546,263.892307996056,3,46.49130082,-90.73908015
"6541",261.144756399435,262.787574239558,271.187604702194,280.467566445108,286.652224684144,291.869038509977,293.767622742611,292.218618784125,288.592444547502,281.563121861864,273.155385566412,263.896514491375,3,46.49130082,-90.64747369
"6556",261.014391908368,262.880238520345,270.805754316669,280.142488499136,286.359284226019,291.521704599176,293.426889726741,292.059288822139,288.345564524113,281.388892849778,272.967103746278,263.978060304831,3,46.49130082,-89.27337681
"6604",260.30199972306,261.720216205289,269.965002519234,278.740612434475,285.65213262169,290.922016386854,293.11727772084,291.789395822579,287.568441038095,280.559033756349,273.25295605731,265.193827739789,3,46.49130082,-84.87626679
"6700",260.730795775898,262.435868381937,271.610215007667,281.396198813981,287.297267343137,292.318175102035,294.302850747095,292.670949637232,288.727586303458,281.496017458691,273.033884413944,263.450415485245,3,46.39969436,-91.65514474
"6701",260.769118703352,262.448128958042,271.572004647917,281.325571791991,287.242577288519,292.277790839743,294.251230857817,292.619401044144,288.706735534979,281.490487550062,273.053797485359,263.476690284009,3,46.39969436,-91.56353828
"6702",260.816563203109,262.462012891715,271.527320997069,281.248344272886,287.187654600405,292.235195480333,294.198069395324,292.570236349257,288.690271295928,281.48322845313,273.07500126865,263.50921104903,3,46.39969436,-91.47193182
"6708",260.987459554775,262.533183560465,271.262264685495,280.776491628673,286.826903056921,291.986602465845,293.883377198144,292.298003513643,288.583001486465,281.476141290429,273.110387383377,263.622806568039,3,46.39969436,-90.92229307
"6732",261.08252156838,262.8677222709,270.819444201088,280.163580128256,286.382809559618,291.529761666125,293.422711507907,292.105921801671,288.187515736083,281.12850776375,272.812159248528,264.111297714637,3,46.39969436,-88.72373806
"6777",260.406109824896,261.756000913317,269.994926158234,278.909928913333,285.688860707292,290.973167146748,293.213666742785,291.825687703491,287.563201098035,280.605508116772,273.421920259391,265.462192101627,3,46.39969436,-84.60144742
"6866",260.635416687437,262.399598886206,271.899449555808,281.897302668133,287.694210587234,292.644017708403,294.596908970424,292.952499154185,288.894908619234,281.615124380772,272.996021042493,263.29886511975,3,46.3080879,-92.02157058
"6868",260.71767084216,262.392003610405,271.809725870062,281.770440456914,287.582462812118,292.554615649414,294.492691121778,292.849620280731,288.844495597144,281.584503437589,273.034541269813,263.322635243657,3,46.3080879,-91.83835766
"6872",260.836062662755,262.36364803512,271.594319792762,281.459930469167,287.308307865255,292.324292389097,294.232013272616,292.603896133907,288.720474026641,281.505712440228,273.078671242347,263.363418233421,3,46.3080879,-91.47193182
"6884",260.984140443243,262.456209417405,271.032025496762,280.569163209089,286.598156485556,291.816614115162,293.67630517925,292.127638198928,288.471454136303,281.428651327941,273.021950344451,263.459974853292,3,46.3080879,-90.37265432
"6902",261.111843746903,262.850494840477,270.915849611736,280.330318221481,286.438996021632,291.588843143634,293.484884771947,292.142665630028,288.188025651481,281.097563535025,272.788109426583,264.080797371623,3,46.3080879,-88.72373806
"6905",261.256413475486,262.937255738662,270.957079234125,280.256765313071,286.412239330324,291.620965785481,293.503466897706,292.215540147106,288.174049136458,281.024565059482,272.800045767574,264.295938092931,3,46.3080879,-88.44891868
"7034",260.668758006433,262.420774549164,272.13269222312,282.282254211821,288.010424028044,292.928213253764,294.81302019103,293.17517804335,289.057557300743,281.773856903157,273.047808501389,263.241998137012,3,46.21648144,-92.20478349
"7035",260.693853415488,262.395705067843,272.081821564944,282.213154411312,287.948735187384,292.87198375353,294.755308890984,293.115946935799,289.021422971611,281.74447780496,273.057178925331,263.240819067363,3,46.21648144,-92.11317703
"7038",260.778633505576,262.34551073147,271.910638150956,281.997943365262,287.734194982743,292.67343499375,294.551811757887,292.91361959915,288.904986806924,281.653587769784,273.078206103296,263.225167553435,3,46.21648144,-91.83835766
"7039",260.805322954641,262.325987170602,271.847803923532,281.917345780679,287.653032970197,292.606303215046,294.478252434301,292.842851037407,288.864395889102,281.621269039056,273.083033138542,263.225698732236,3,46.21648144,-91.7467512
"7048",260.883266542271,262.235358295271,271.285547807188,281.134266717238,286.958961261007,292.048261968028,293.903162338458,292.306910212391,288.543136226396,281.396194024617,273.06039022347,263.242038985157,3,46.21648144,-90.92229307
"7076",261.393317295736,263.019206489657,271.117425904313,280.42441586321,286.472242964421,291.713196708667,293.598720236229,292.307806091648,288.197188705535,281.007746588213,272.835070395333,264.407412646692,3,46.21648144,-88.35731222
"7085",261.796388408234,263.286245020049,271.211304354528,279.987000908472,286.197773185231,291.774464179502,293.723598168991,292.575961677889,288.247781102153,281.014857475565,273.144620965576,265.143239870558,3,46.21648144,-87.5328541
"7096",262.007309762796,263.23785002175,271.017618349634,279.498801394506,285.811053093252,291.536453782956,293.668553561766,292.566028095641,288.158007762947,281.064012297701,273.597728608981,265.905213723213,3,46.21648144,-86.52518305
"7202",260.78584373687,262.503056106414,272.406888341331,282.674342694846,288.35827022162,293.244589400222,295.050892234944,293.422866248965,289.261791175051,281.975150409685,273.157262409442,263.259557986611,3,46.12487498,-92.38799641
"7203",260.787282182921,262.46681409994,272.341462099991,282.613247185031,288.296986707002,293.183765431681,294.994355398146,293.361339170241,289.214861399826,281.939576489633,273.156630655051,263.229440222157,3,46.12487498,-92.29638995
"7204",260.7941556301,262.429503581694,272.278283523537,282.545735216574,288.228316396782,293.116014851611,294.9282766891,293.300040805333,289.169249971285,281.908798982515,273.156728587076,263.200731480113,3,46.12487498,-92.20478349
"7207",260.836409315273,262.334450966766,272.084441283456,282.317208053812,287.967695623148,292.871942374586,294.696126640537,293.073182884069,289.02249457565,281.778404043167,273.141296875606,263.158103618586,3,46.12487498,-91.92996412
"7208",260.846242482993,262.311076704197,272.017028539986,282.238307995324,287.877810537118,292.7906193141,294.620726596917,292.994948720586,288.975176008623,281.738007486975,273.136258814766,263.148290979606,3,46.12487498,-91.83835766
"7211",260.873275114435,262.229874120458,271.80598560519,281.987965219938,287.603508691921,292.542802642229,294.379665014801,292.765236470206,288.826178030516,281.608898342589,273.121041961322,263.106611429553,3,46.12487498,-91.56353828
"7218",260.867012815468,262.139297304968,271.319198716377,281.346577815216,287.026120961447,292.067372567363,293.920513740657,292.3259800605,288.5330150751,281.373383150904,273.062581620917,263.106908068238,3,46.12487498,-90.92229307
"7236",260.948425743437,262.632552512167,270.995927583023,280.672051393981,286.552235417338,291.666239453368,293.619037292104,292.145570246542,288.287752081065,281.233408423389,272.854499770472,263.671811429639,3,46.12487498,-89.27337681
"7255",261.982113315889,263.434377247785,271.409500729833,280.230764593765,286.287027603067,291.883773847461,293.854632531394,292.69422855284,288.314554321512,281.051064150019,273.222552462847,265.270995091139,3,46.12487498,-87.5328541
"7371",260.982177066278,262.603977600685,272.652900814979,283.031817209012,288.679841532014,293.538514866322,295.279189555475,293.654271317468,289.458251970958,282.189683959099,273.323546768329,263.33102470515,3,46.03326852,-92.47960287
"7372",260.965479060611,262.552172730315,272.578386462495,282.968857007515,288.602718804931,293.461238918988,295.210201892435,293.587997759109,289.402036646549,282.149639146238,273.310850066738,263.290179620944,3,46.03326852,-92.38799641
"7373",260.946203313012,262.499546034352,272.503851191674,282.88989021287,288.510119056875,293.365404062669,295.122728755021,293.502931372928,289.335444875961,282.08633382371,273.284390647181,263.247577731303,3,46.03326852,-92.29638995
"7375",260.932021793153,262.40984475012,272.353812048491,282.73676157375,288.320315103345,293.18081700459,294.953552391884,293.337204277968,289.21772222116,281.982445029991,273.253124094588,263.174070852319,3,46.03326852,-92.11317703
"7377",260.931387496164,262.334287432757,272.205223466137,282.575749233827,288.118217797523,292.990232112889,294.781826469894,293.170305198148,289.104286783512,281.878550012111,273.225598518678,263.120462986484,3,46.03326852,-91.92996412
"7379",260.920814125007,262.26021312372,272.051100046528,282.407288037392,287.914552778113,292.795673763317,294.60326516363,292.999343464725,288.986242113519,281.768302420645,273.197108637396,263.068266884405,3,46.03326852,-91.7467512
"7381",260.911554282002,262.194482280252,271.895206973502,282.240386607423,287.716209799143,292.615452196891,294.437366542722,292.844233329951,288.876541910762,281.666659616,273.17399679187,263.03366101765,3,46.03326852,-91.56353828
"7382",260.909552174412,262.169605413178,271.822629990766,282.152814623519,287.623385440197,292.531042098822,294.358284339616,292.766587078551,288.824335906269,281.62133452487,273.163082554308,263.019474854181,3,46.03326852,-91.47193182
"7415",261.612832391287,263.14860302959,271.423365313537,280.893652622392,286.685994515938,291.872909351104,293.785533250039,292.452053946491,288.289232607518,281.059183679012,272.906263027829,264.488258243954,3,46.03326852,-88.44891868
"7424",262.141025926222,263.570887869407,271.607738502472,280.528327895293,286.426101647431,291.99798929941,293.98306460534,292.798339238803,288.387670665053,281.095012980031,273.268307250377,265.329099470972,3,46.03326852,-87.62446055
"7429",262.324458008113,263.694359726762,271.569328446236,280.214772155818,286.141462665278,291.913830628687,294.00267095009,292.87670470194,288.389214371273,281.145836430173,273.523568405785,265.763158890845,3,46.03326852,-87.16642826
"7430",262.352978443072,263.705321413468,271.547912234896,280.155888487253,286.086349299954,291.883021225537,293.995870778405,292.881278115093,288.382011766995,281.154846279713,273.570645827713,265.844231650523,3,46.03326852,-87.0748218
"7588",262.025842074669,263.454762983831,271.708760004109,281.076018612006,286.769272944583,292.048186058951,293.979722045405,292.700818073606,288.398873296692,281.104038284262,273.078411741199,264.911548185586,3,45.94166206,-88.17409931
"7593",262.316209411181,263.702677200926,271.795673838333,280.821085793287,286.577748020961,292.110297233551,294.1060440856,292.903381535933,288.46871932265,281.156510110509,273.330153470363,265.398709441338,3,45.94166206,-87.71606701
"7708",261.44118701944,262.931620269141,273.216744169956,283.753268466343,289.342596193322,294.17337448591,295.773086854486,294.165575020215,289.916809060887,282.694870308534,273.765147454183,263.626932913104,3,45.8500556,-92.75442225
"7714",261.240831520831,262.590157074632,272.75604218178,283.367399980108,288.771537791748,293.560817973627,295.263152264958,293.704641395618,289.528588711901,282.368263490312,273.585613274428,263.306821973921,3,45.8500556,-92.20478349
"7733",260.921546817414,262.155610114787,271.361879454343,281.726000597361,287.027761115683,292.010880671484,293.890383267495,292.330295796063,288.485029845951,281.317164844213,273.081084219194,263.047591548324,3,45.8500556,-90.46426078
"7734",260.898740833674,262.161387031012,271.31472615016,281.648922199583,286.990343944236,291.988551477153,293.880270351488,292.31742223728,288.470825977137,281.305721878256,273.072437913329,263.069814734681,3,45.8500556,-90.37265432
"7764",262.591972970569,263.919577673681,271.979445587942,280.990455727732,286.620500004097,292.218741430262,294.25435945965,293.066942792623,288.5612330231,281.260807694512,273.509648180493,265.66803303712,3,45.8500556,-87.62446055
"7776",262.911819827613,264.024658313227,271.642628776032,280.290796249568,285.817201024005,291.750242062285,294.120983859171,293.034450760512,288.381093582076,281.339036413812,274.158911059306,266.807907767259,3,45.8500556,-86.52518305
"7903",261.008095787264,262.205614649986,271.512686461076,282.018278138287,287.123949734074,292.038641307319,293.913574928655,292.36760292938,288.511063134167,281.335107154268,273.116412025926,263.04524208191,3,45.75844915,-90.46426078
"7908",260.916502902148,262.280691790046,271.304877064519,281.657387988549,286.972036069375,291.957871772192,293.895148217903,292.343586665505,288.46193847197,281.295159813864,273.089082497403,263.224192986461,3,45.75844915,-90.00622848
"7927",262.392604963887,263.71126765766,272.042203698215,281.605061917238,287.050759188981,292.24702503628,294.205508841204,292.902455810484,288.551431673477,281.275818588074,273.264234437852,265.099555950731,3,45.75844915,-88.26570577
"7930",262.611340567968,263.891681832299,272.117433247164,281.484943433858,286.950187713785,292.320617153676,294.30935428269,293.061640056657,288.603841242463,281.29970357225,273.415708404002,265.431244196583,3,45.75844915,-87.99088639
"7931",262.674403769574,263.947139265803,272.134062894241,281.42647682,286.904000467037,292.332479000407,294.336699998748,293.109725367588,288.620122392292,281.316903794037,273.473550608294,265.536750236977,3,45.75844915,-87.89927993
"7933",262.789044558692,264.050653171509,272.158115761259,281.293577094923,286.782353205926,292.344330460398,294.386391591021,293.189123568414,288.647803802132,281.345452597309,273.591336140433,265.751319479218,3,45.75844915,-87.71606701
"8081",261.163505307859,262.518213508725,271.439197976782,281.796120504815,287.038321343345,291.990840602146,293.956518155479,292.421750372046,288.472408588382,281.336679849855,273.154409903123,263.474874425326,3,45.66684269,-89.73140911
"8097",262.623990332164,263.876301176097,272.220412638,281.853581313843,287.17844919728,292.360038095891,294.329439680935,293.029897686194,288.625571203127,281.377256000904,273.394206284713,265.246906700725,3,45.66684269,-88.26570577
"8098",262.711221319007,263.945704767938,272.257420030361,281.830816818704,287.159274476204,292.397266145947,294.374065718294,293.096152482086,288.651515630137,281.390585265617,273.442631958558,265.367389025319,3,45.66684269,-88.17409931
"8100",262.86043684694,264.066703163074,272.302346818044,281.744327812114,287.084024203854,292.455035421887,294.451692812076,293.208718988938,288.691169805299,281.409401154151,273.550388612877,265.598498046201,3,45.66684269,-87.99088639
"8101",262.915162074669,264.119163419428,272.311394974461,281.682299941991,287.022191882801,292.459027020514,294.478124816537,293.252765937204,288.706603738799,281.424745783194,273.610765700243,265.710563342731,3,45.66684269,-87.89927993
"8102",262.973304381037,264.16722124156,272.322574986674,281.612569483395,286.960196852581,292.468282967993,294.502539500806,293.293061924826,288.721401893523,281.44482585412,273.673900455785,265.820629119403,3,45.66684269,-87.80767347
"8251",261.336365120787,262.625886995537,271.613994382866,282.075469467654,287.143965358275,292.065159697394,294.018950986296,292.489367209211,288.510222567734,281.387985244022,273.227157222208,263.523895459069,3,45.57523623,-89.73140911
"8252",261.414916223444,262.710588310954,271.641160684782,282.038839072315,287.141632372627,292.068431737907,294.033584907984,292.511279917991,288.508072503512,281.398080559022,273.243386872296,263.636489788278,3,45.57523623,-89.63980265
"8267",262.874980720637,264.049981261884,272.40453483728,282.117236708472,287.319779866481,292.487067711741,294.459500651535,293.160706773377,288.703448705194,281.492258165127,273.525041650282,265.406226501528,3,45.57523623,-88.26570577
"8268",262.96658113497,264.121135168296,272.437824548699,282.097403132346,287.299380044155,292.530688726914,294.509112601632,293.2319318095,288.732073853532,281.503740967552,273.576179641782,265.5308080144,3,45.57523623,-88.17409931
"8416",261.463112713694,262.60529546463,271.930497196944,282.644281479552,287.319554036111,292.113945106738,293.980824714303,292.489344598257,288.564014515137,281.414372175759,273.227903192382,263.258546588326,3,45.48362977,-90.1894414
"8437",263.109541277507,264.217527673891,272.581218665732,282.376842250664,287.443121682558,292.600858708352,294.582515303917,293.286123697509,288.775212356755,281.615199393207,273.66796773291,265.557049192155,3,45.48362977,-88.26570577
"8438",263.203508206785,264.286833610028,272.615012124493,282.357422341404,287.422304544954,292.649854256507,294.635523867704,293.358334802769,288.806095227174,281.630003418105,273.721642346433,265.690161938257,3,45.48362977,-88.17409931
"8440",263.358845256236,264.408199816662,272.660621343259,282.270846196651,287.335317914132,292.718164784977,294.732256193699,293.489892740447,288.862851310699,281.666368632262,273.846520483178,265.94838666869,3,45.48362977,-87.99088639
"8441",263.418225320208,264.462122380405,272.670734408782,282.200521053688,287.264968237164,292.731906984241,294.760479530269,293.537423545882,288.881533840347,281.6833095855,273.915601523525,266.072426219384,3,45.48362977,-87.89927993
"8583",261.612611322139,262.878713089588,272.320542907352,282.981366807824,287.541997858738,292.256702126602,294.096114400442,292.639379523146,288.694347424618,281.556975873389,273.305454945847,263.381344153563,3,45.39202331,-90.46426078
"8584",261.63901233831,262.86406083584,272.271458103414,282.952424392546,287.495556496713,292.2307084194,294.073059945611,292.616342924924,288.663812790097,281.523315860272,273.29276218765,263.376734511394,3,45.39202331,-90.37265432
"8605",263.126210068801,264.212647866333,272.673126905368,282.64739602338,287.576476511447,292.619034375627,294.59480462188,293.261515876787,288.775825668104,281.696767383781,273.713932302271,265.438210445914,3,45.39202331,-88.44891868
"8606",263.230876912859,264.297245163521,272.714717504317,282.646967516775,287.572536991597,292.672473587873,294.649356325361,293.334344793435,288.810510358266,281.718249675654,273.761647269537,265.575241232618,3,45.39202331,-88.35731222
"8607",263.336405217419,264.374403394706,272.75714035662,282.638683906065,287.562005938032,292.725036450713,294.706648270005,293.413038712125,288.846832748382,281.743114067864,273.816005507028,265.712886951278,3,45.39202331,-88.26570577
"8613",263.745467079759,264.708514316095,272.83924760034,282.257800887377,287.184619337546,292.851669888808,294.945859806787,293.750888269535,289.010262759583,281.876693130793,274.235845156831,266.522787874931,3,45.39202331,-87.71606701
"8647",262.951243002854,263.949670576458,272.087172027567,282.140659211373,287.432419884259,292.440477170405,294.27653540341,292.946404197407,288.8230736305,282.305325944367,275.161938338148,267.820402073562,3,45.39202331,-84.60144742
"8750",261.718317139259,263.228868808764,272.76587366744,283.172812563333,287.848490567014,292.542566692389,294.36990580641,292.904340025326,288.907842858028,281.806843950318,273.460120933558,263.62613466635,3,45.30041685,-90.73908015
"8751",261.707047358995,263.194839343062,272.692966086206,283.143512333086,287.795253553218,292.500678745718,294.335320368215,292.869478655056,288.871882962134,281.756765647907,273.432761114155,263.599195630882,3,45.30041685,-90.64747369
"8755",261.838520272977,263.140600154347,272.488358572368,283.089653293781,287.612496908727,292.371127680759,294.214985113178,292.764999176898,288.740279789854,281.62341192733,273.390398465421,263.600119245799,3,45.30041685,-90.28104786
"8760",262.017691794512,263.163965766694,272.303204836424,282.923900423179,287.473550852465,292.360176346704,294.246595488241,292.760519281532,288.665850169143,281.594136618123,273.44764440419,263.760048635581,3,45.30041685,-89.82301556
"8761",262.036779562176,263.185466796234,272.289381125787,282.876593074583,287.460877810868,292.363118848625,294.265153822729,292.776758535852,288.662265469729,281.598532268932,273.466887160187,263.828003459123,3,45.30041685,-89.73140911
"8776",263.443107378359,264.448613426292,272.891697492986,282.906559827145,287.683650902315,292.796790287817,294.773758664278,293.464964480646,288.880140377354,281.849485656364,273.917548878331,265.72783921785,3,45.30041685,-88.35731222
"8783",263.933268149194,264.845538579458,272.997573584213,282.500769487022,287.274812688148,292.970102293875,295.069765176167,293.865625299012,289.09941882585,282.045681286827,274.421917583148,266.722225361296,3,45.30041685,-87.71606701
"8921",261.8897485181,263.43169953341,272.963150025176,283.267528669059,287.964547444039,292.673565518986,294.494609654694,293.016714743787,288.997872729475,281.885243846133,273.525127274007,263.788956558271,3,45.20881039,-90.64747369
"8990",263.371858132125,264.318059082618,272.517964651426,282.579644018488,287.67269378603,292.589643563285,294.43277836478,293.099618022711,289.044659367935,282.478365734759,275.318935249988,268.031658604898,3,45.20881039,-84.32662804
"8991",263.473437222681,264.389695022102,272.568207388708,282.528008017269,287.628924026296,292.545511291113,294.430699466667,293.111440512694,289.064403362231,282.48886461946,275.36265146338,268.101781389403,3,45.20881039,-84.23502158
"9162",263.639614937361,264.532996663366,272.764265867183,282.695474997716,287.71016516456,292.61306826335,294.500439429292,293.167121774245,289.125855048428,282.521047932509,275.418038971933,268.130339019333,3,45.11720393,-84.14341512
"9496",263.230564401176,264.331413894965,272.721472199021,283.250186049059,288.086406484525,292.927083399255,294.594703707641,293.152335660213,289.108425732926,282.538749193176,275.238840259023,267.699439422039,3,44.93399102,-84.69305387
"9499",263.393454191262,264.436938148736,272.848390005095,283.135532863889,287.987045475289,292.847507480667,294.604424456442,293.169418763067,289.129403912755,282.51833467596,275.299234298576,267.798364731171,3,44.93399102,-84.4182345
"9500",263.481038028259,264.496486609778,272.90122595009,283.09650396321,287.950395242593,292.821606982468,294.607128352292,293.185722975481,289.147370347185,282.524416643003,275.33683211412,267.850729053954,3,44.93399102,-84.32662804
"9501",263.579583174023,264.566033625435,272.961057849218,283.05123786358,287.916037732546,292.799413835005,294.61417412135,293.204059850736,289.16656580853,282.5355148685,275.38435174197,267.914206696544,3,44.93399102,-84.23502158
"9502",263.684313509373,264.65032176856,273.023167450613,283.009318780478,287.880093042106,292.771701882741,294.622980329049,293.226800827322,289.188526653491,282.551135192858,275.4387669089,267.983604532711,3,44.93399102,-84.14341512
"9503",263.800451303282,264.742078336556,273.092662042389,282.966113078194,287.840924478715,292.742592236109,294.631076950042,293.254783115137,289.211517066183,282.575223747991,275.503180817435,268.063212415046,3,44.93399102,-84.05180866
"9596",262.579011211046,264.407623533361,274.168758938891,284.074075388133,288.618250521389,293.245011187023,295.042139850931,293.548660057488,289.422834840352,282.361160359759,273.915026197005,264.345395615623,3,44.84238456,-91.10550599
"9671",263.623006919572,264.637825804088,273.088300151431,283.184772223657,287.98758938103,292.861889557567,294.667567227012,293.23671080609,289.195052310403,282.558457646392,275.407489351387,267.861122437398,3,44.84238456,-84.23502158
"9675",264.094879692681,265.012988106118,273.367979247317,282.999751285293,287.819484565208,292.748241479787,294.714533984979,293.343893742618,289.300357271169,282.657760822105,275.674486778255,268.179162284255,3,44.84238456,-83.86859575
"9677",264.366918908544,265.273353493507,273.537428528472,282.87896175625,287.70995386316,292.678654644593,294.741768455079,293.424036107396,289.375749238007,282.745977861725,275.863700110245,268.385236227051,3,44.84238456,-83.68538283
"9768",262.710955102759,264.525959965731,274.324550892891,284.16713298466,288.706543028681,293.371618658667,295.153300205306,293.650134292694,289.495751319521,282.410897834194,273.99900856031,264.501799703035,3,44.7507781,-90.92229307
"9833",263.360337275593,264.500615699067,272.888722179775,283.592597486219,288.283945620174,293.067988891801,294.684990721491,293.203888043567,289.151221917982,282.621254114395,275.264977605924,267.599705301387,3,44.7507781,-84.96787325
"9845",264.139454543387,265.100210039588,273.512679156924,283.122146213272,287.884166145417,292.819838609882,294.775895198262,293.382906740009,289.331198043407,282.692625048142,275.717651893961,268.140501622657,3,44.7507781,-83.86859575
"9846",264.276102148613,265.22412814188,273.598574360606,283.074411104799,287.836335701111,292.790530805363,294.794836843435,293.42324934997,289.366847586079,282.739657796086,275.813333416961,268.236366570118,3,44.7507781,-83.77698929
"9849",264.645160572269,265.603878707116,273.805585713067,282.847289906389,287.641631995417,292.663680971701,294.817551918546,293.534748147961,289.472605635282,282.877167568963,276.118918108944,268.554923656833,3,44.7507781,-83.50216991
"9993",264.373875137757,265.631077881192,273.468946016583,284.081641897531,288.518912104537,293.262261941393,294.883434098734,293.537347133542,289.366172019664,283.22960587404,276.006340054653,268.461706139384,3,44.65917164,-85.88393784
"10002",263.553147345236,264.671613747373,273.046545639176,283.71624808179,288.344343362812,293.113760680826,294.718923313204,293.235993721558,289.167020503037,282.679752829142,275.332999439479,267.642410039213,3,44.65917164,-85.05947971
"10013",263.959144461546,264.985634100213,273.501003758685,283.315967793071,288.025383948843,292.936132878477,294.8017089304,293.357155264692,289.297335700028,282.668366210679,275.618724820813,267.949817588634,3,44.65917164,-84.05180866
"10016",264.321434783475,265.320447908924,273.753427708963,283.186699524414,287.898885365382,292.864747279863,294.857268359368,293.469769103391,289.40236722906,282.789780110861,275.871164366863,268.216141245412,3,44.65917164,-83.77698929
"10017",264.45093256735,265.448851374778,273.844823947593,283.135706806574,287.851710158414,292.838952900046,294.877163940204,293.511503680227,289.44467281841,282.846411325938,275.979815380542,268.311106827403,3,44.65917164,-83.68538283
"10109",263.025202132488,264.881629922949,274.765025318778,284.421195635957,288.988652825718,293.700396804414,295.455770927352,293.942767815204,289.706245158917,282.623928164025,274.210667035051,264.829646325079,3,44.56756518,-90.83068661
"10168",264.024564913275,265.136351550581,273.337495133366,283.975745864259,288.476327424317,293.198745253118,294.766461198035,293.331842365581,289.233020981669,282.893719947117,275.589943249178,267.950719137215,3,44.56756518,-85.42590554
"10171",263.801943079268,264.879744053118,273.241639089067,283.847952731327,288.406997592014,293.150762605368,294.740865200252,293.267400966627,289.190720099986,282.751454011852,275.428444205639,267.733812419553,3,44.56756518,-85.15108617
"10175",263.683216245273,264.725051248049,273.245125620377,283.686894166528,288.304432052199,293.103833658565,294.749096406338,293.249040815181,289.185220200893,282.644883245611,275.360181475567,267.620304817412,3,44.56756518,-84.78466033
"10181",263.879085672106,264.929701853025,273.512970217887,283.476990750602,288.139141610799,293.034958770241,294.82925604344,293.349395251535,289.283139906808,282.671507860935,275.559511344461,267.820543476095,3,44.56756518,-84.23502158
"10183",264.056561654215,265.103449490394,273.65933511712,283.407679195988,288.071218646181,293.000601936463,294.86277430906,293.408484061072,289.336701084264,282.730085192525,275.699928054729,267.965229399449,3,44.56756518,-84.05180866
"10343",263.950173993269,264.957114455694,273.425264694667,283.864221614059,288.39741366588,293.155224387769,294.762147040181,293.27101277372,289.208192115273,282.750975108475,275.457712309331,267.731676167194,3,44.47595872,-84.96787325
"10348",263.91038482713,264.931228785336,273.529936754667,283.652452034414,288.259251257257,293.11576529722,294.832697512185,293.332260552197,289.257474578035,282.715093004432,275.523827448759,267.754125237907,3,44.47595872,-84.50984096
"10350",263.977787960708,265.016016827053,273.629262274271,283.583673810864,288.205395041412,293.096542516171,294.86378235216,293.375577872919,289.296957151053,282.729769368241,275.607435577333,267.828542529938,3,44.47595872,-84.32662804
"10351",264.030015008396,265.075523752854,273.685424164447,283.549554184105,288.176832911447,293.08724203691,294.883766574796,293.401179852998,289.321925349507,282.747911460466,275.660347840519,267.881715780583,3,44.47595872,-84.23502158
"10352",264.100758141046,265.145899578722,273.752346503551,283.518845549367,288.149035134838,293.076996356141,294.902312531329,293.431148731111,289.347857823141,282.772523087478,275.726629269977,267.944450057176,3,44.47595872,-84.14341512
"10508",264.510552698389,265.445905327993,273.736975138743,284.219616838657,288.568062818067,293.238769739549,294.777216195926,293.345878259016,289.275507841528,282.97141695721,275.713778662345,268.093416538014,3,44.38435226,-85.42590554
"10517",264.136621437442,265.11409336422,273.718119814593,283.779284865849,288.329816371308,293.160644198037,294.858966878838,293.370004965838,289.292071185227,282.820185204556,275.633342301218,267.863121715852,3,44.38435226,-84.60144742
"10519",264.149226282343,265.149405096359,273.77824568794,283.697770768858,288.271816533692,293.150713758139,294.89780799387,293.410081915218,289.324338579458,282.824169946907,275.699709527609,267.905757773389,3,44.38435226,-84.4182345
"10520",264.171554073484,265.187570026095,273.825241378299,283.661902627994,288.245020568345,293.145825662979,294.918960597914,293.4333054515,289.345911691595,282.837651884503,275.742091172377,267.942415905792,3,44.38435226,-84.32662804
"10526",264.618203034778,265.696348599144,274.251766476903,283.462606646466,288.070231073461,293.088886518757,295.059773896074,293.644851237593,289.53300971747,283.015920659444,276.182823716565,268.328115805903,3,44.38435226,-83.77698929
"10527",264.709071355924,265.819891029241,274.334896632954,283.424665126883,288.039654484907,293.071354294639,295.078550266354,293.679678021106,289.568215358391,283.064834843068,276.28205980165,268.417486182532,3,44.38435226,-83.68538283
"10669",265.907549156549,266.811432881056,274.523752642731,284.834021217315,288.779165830694,293.380917858646,294.925632733109,293.650862391678,289.500020729986,283.55758502191,276.510050769882,269.102515982838,3,44.29274581,-86.25036367
"10671",265.58752500266,266.484783208366,274.350486647502,284.721912093981,288.758667063125,293.35493417388,294.879990286505,293.570450326134,289.452975708421,283.423382286929,276.312976357312,268.853796739961,3,44.29274581,-86.06715076
"10672",265.436989994715,266.330277835734,274.269405224326,284.661596020278,288.7427843511,293.338197141725,294.858525919975,293.530802054391,289.425585730255,283.355674907815,276.213531464956,268.730587063322,3,44.29274581,-85.9755443
"10683",264.526888199315,265.395317778479,273.907328897021,284.112984943518,288.508977542893,293.221013594012,294.830257082113,293.366405445792,289.314279974799,282.953308224756,275.725443154292,268.029320091921,3,44.29274581,-84.96787325
"10684",264.496221516595,265.356394222905,273.916186603234,284.064143324043,288.480915585185,293.214457166384,294.847977689384,293.376682143979,289.32604907,282.954227332685,275.742731319856,268.030464414623,3,44.29274581,-84.87626679
"10686",264.419617138431,265.329875871748,273.939833901704,283.949875180093,288.419188193947,293.201852106495,294.882118534662,293.410934293241,289.342291533905,282.947423980117,275.771054869424,268.024196019944,3,44.29274581,-84.69305387
"10688",264.416310212954,265.358122408456,273.989314102729,283.844251282207,288.351155685868,293.197808405928,294.928905517889,293.453223461025,289.372511558106,282.951937522648,275.831169065271,268.051142866806,3,44.29274581,-84.50984096
"10689",264.41869062509,265.376421457299,274.019634947313,283.795589964167,288.322538379363,293.194790895009,294.951588364231,293.477792458662,289.389231769088,282.955725109071,275.865845190919,268.067417618097,3,44.29274581,-84.4182345
"10696",264.778123349625,265.846833974236,274.436034792857,283.540350340802,288.134895970301,293.162941418752,295.13594577606,293.714429676984,289.583053556049,283.137702554006,276.326917561738,268.428854712544,3,44.29274581,-83.77698929
"10697",264.868798586824,265.957541759519,274.514172612465,283.506922494182,288.099098503553,293.153795251773,295.160714515014,293.76163875316,289.625384345169,283.175310299043,276.427030464035,268.51031034922,3,44.29274581,-83.68538283
"10791",263.561230081975,265.390939575843,275.352144752535,284.783134214074,289.41048813853,294.252357961206,296.008040018535,294.444513982345,290.014028835674,283.056097937312,274.886515612854,265.488869064961,3,44.20113935,-90.64747369
"10796",263.521837156315,265.261106884042,275.01045907656,284.795681365401,289.528337950856,294.402282975444,296.129529843106,294.552840225847,290.039195325546,283.086155277219,274.967676748317,265.66529281916,3,44.20113935,-90.1894414
"10842",265.680757751347,266.488764008991,274.461029363361,284.791443346512,288.791081385903,293.369047575354,294.873191212002,293.547094049248,289.464727869037,283.392166103654,276.269602410299,268.800968480898,3,44.20113935,-85.9755443
"10843",265.542232186975,266.340870008192,274.386456889523,284.732638191065,288.774672626863,293.356898576521,294.860343853979,293.51484688637,289.440853320104,283.332465552873,276.186260624944,268.695507558125,3,44.20113935,-85.88393784
"10853",264.779816754213,265.580334047877,274.141499525738,284.260788912083,288.579628765903,293.265998720174,294.873480655266,293.412120702542,289.37519502812,283.048267115284,275.870054003845,268.18470670387,3,44.20113935,-84.96787325
"10854",264.754691565292,265.567365614847,274.159472529007,284.205111952238,288.553020310035,293.260966819118,294.888254453188,293.4310384194,289.385648213433,283.060670377259,275.890200035845,268.18870252372,3,44.20113935,-84.87626679
"10856",264.72668303172,265.580708446023,274.199370513597,284.089588007762,288.497862839514,293.253651717583,294.934591953398,293.475744053919,289.416165323481,283.083657745463,275.950711577086,268.221137842958,3,44.20113935,-84.69305387
"10857",264.716302791669,265.587942535516,274.223258362893,284.034526966204,288.466935979537,293.249646529833,294.960001466086,293.5055665051,289.434579278132,283.092317801358,275.987890405363,268.237425514995,3,44.20113935,-84.60144742
"10862",264.753411120257,265.705986630975,274.378537771991,283.78435204213,288.31328675544,293.243164941313,295.091843377086,293.644632415338,289.530265588354,283.149815580154,276.197817403868,268.342733119662,3,44.20113935,-84.14341512
"11012",265.918250720667,266.655419657113,274.647623641667,284.912936788688,288.845207429942,293.407030781641,294.908095144018,293.590196823037,289.52046318503,283.436536356596,276.33699682962,268.886209926287,3,44.10953289,-85.9755443
"11013",265.780634148354,266.509344401306,274.57794320516,284.856491255463,288.827129192546,293.39893456041,294.895716211815,293.560396335014,289.503962541477,283.381835032512,276.258659857514,268.784892962912,3,44.10953289,-85.88393784
"11014",265.656228827146,266.380300954616,274.515874926139,284.802849772423,288.810088030984,293.391861310713,294.889942394162,293.536826932188,289.486969896345,283.333543328093,276.192171158326,268.693934973843,3,44.10953289,-85.79233138
"11035",265.175550893924,266.129897410148,274.788420597208,283.774665592515,288.323192206366,293.318424416292,295.269369189639,293.865271345037,289.706056169896,283.406599787975,276.620513322574,268.701563573907,3,44.10953289,-83.86859575
"11182",266.143296247532,266.832428637787,274.836947939639,285.029077806019,288.899773178345,293.454210976537,294.958881282671,293.648530516928,289.592567168956,283.494024543244,276.41363751581,268.986205019988,3,44.01792643,-85.9755443
"11183",266.007493751938,266.685000376375,274.766694171773,284.972641042052,288.886459438785,293.447659196979,294.943075497903,293.618091713076,289.570696482123,283.442588363975,276.338494795525,268.885446185514,3,44.01792643,-85.88393784
"11184",265.878057521921,266.549881332924,274.702024098262,284.922336907284,288.86948309566,293.442610242537,294.940262276597,293.598818709468,289.559970721259,283.397831916346,276.274200975662,268.794601713104,3,44.01792643,-85.79233138
"11185",265.768446604259,266.434235451042,274.650070259037,284.873791492778,288.854493661921,293.437198547419,294.941286428519,293.582064430546,289.548647931903,283.356203331278,276.22131610788,268.717726907831,3,44.01792643,-85.70072492
"11191",265.314862269759,265.940873256521,274.513061122396,284.638764540062,288.78725526706,293.422462717118,294.980210852118,293.552748071065,289.530803913653,283.240670044747,276.089034866998,268.448877655752,3,44.01792643,-85.15108617
"11200",265.383304840264,266.19005701078,274.852332575653,284.195943771466,288.580569613009,293.397864867873,295.206331379815,293.798917885137,289.697709752521,283.455200838105,276.536346246426,268.748700063977,3,44.01792643,-84.32662804
"11351",266.501864248329,267.15869749688,275.090276062137,285.195067579969,288.960059163264,293.524742093604,295.035676278025,293.751199581931,289.692860377301,283.615821511722,276.580250047919,269.193383349912,3,43.92631997,-86.06715076
"11352",266.357027341935,267.015765884231,275.021397637796,285.141965056049,288.952725887512,293.51737688703,295.029205662905,293.730107647664,289.677544574178,283.56778366517,276.511187120343,269.099398660301,3,43.92631997,-85.9755443
"11353",266.223552746833,266.874038772729,274.957129832095,285.094071215972,288.94039536309,293.512443953488,295.022064789919,293.70652006575,289.664206340306,283.521414292105,276.443326455745,269.007128417368,3,43.92631997,-85.88393784
"11354",266.096844369313,266.738903476449,274.894987902787,285.04243169588,288.93301887287,293.506995098282,295.01971603122,293.687264146211,289.653004045597,283.476530393272,276.381069804597,268.919886882234,3,43.92631997,-85.79233138
"11370",265.683313569975,266.425867418655,275.113244421884,284.40454538588,288.774407899618,293.532469008456,295.332483293667,293.941464875058,289.828462949,283.62522606379,276.768333805648,268.98921180053,3,43.92631997,-84.32662804
"11521",266.703858693572,267.348309023354,275.27426981762,285.309088603333,289.018844904259,293.590115609028,295.120807599213,293.844373015303,289.792446845208,283.696244432074,276.681378504032,269.314732523428,3,43.83471351,-86.06715076
"11522",266.564055682493,267.203846122414,275.210685798574,285.259271413827,289.014010190278,293.585184250086,295.112953317535,293.824180702632,289.77812565728,283.649747622034,276.616405955331,269.219198040255,3,43.83471351,-85.9755443
"11523",266.429889872843,267.06372714678,275.148431185062,285.209804786744,289.006559345752,293.583339936162,295.110820849826,293.807445161845,289.76588759666,283.606648898448,276.555187550507,269.133140611456,3,43.83471351,-85.88393784
"11524",266.299152852854,266.931215837181,275.087696659586,285.164817776034,289.000295571887,293.580313088368,295.110269686454,293.791635389664,289.756477121243,283.566825670877,276.495346883495,269.048405737861,3,43.83471351,-85.79233138
"11693",266.617892373127,267.254836264417,275.338372548394,285.331223090386,289.07375611272,293.660186129706,295.212728386813,293.923644999535,289.877799029354,283.701613906978,276.670973385109,269.260800634104,3,43.74310705,-85.88393784
"11694",266.491259047986,267.124836182056,275.282860703419,285.28636666466,289.069865079317,293.66025299141,295.213287145229,293.90873798687,289.871113224625,283.661983326907,276.621672160856,269.180780896245,3,43.74310705,-85.79233138
