"","pal.alb.jan","pal.alb.feb","pal.alb.mar","pal.alb.apr","pal.alb.may","pal.alb.jun","pal.alb.jul","pal.alb.aug","pal.alb.sep","pal.alb.oct","pal.alb.nov","pal.alb.dec","convert.code","Lat","Lon"
"2442",0.2134325,0.2256875,0.161545,0.105625333333333,0.08186925,0.08753375,0.092425,0.088506,0.08397925,0.083315,0.117034,0.197815,3,48.35725278,-92.98071996
"2583",0.21553,0.2256875,0.16834,0.106635333333333,0.08186925,0.08753375,0.092425,0.088506,0.08397925,0.083315,0.12083825,0.2016875,3,48.28588314,-92.96769055
"2584",0.21811,0.2256875,0.172105,0.107565333333333,0.08186925,0.08753375,0.092425,0.088506,0.08397925,0.0833153333333333,0.120038,0.20222,3,48.29450741,-92.86058443
"2851",0.1934175,0.203045,0.1582675,0.103268666666667,0.08186925,0.08753375,0.092425,0.088506,0.08397925,0.083314,0.119187,0.1687675,3,48.01281242,-94.43351906
"2984",0.211075,0.223255,0.1601875,0.103829333333333,0.08186925,0.08753375,0.092425,0.088506,0.08397925,0.0833153333333333,0.11576575,0.1568275,3,47.85897277,-95.2666014
"3130",0.218125,0.2256875,0.1597725,0.103268666666667,0.08186925,0.08753375,0.092425,0.088506,0.08397925,0.0836926666666667,0.11853075,0.1769625,3,47.84019089,-94.7216976
"3266",0.218105,0.2256875,0.1684975,0.103298666666667,0.08186925,0.08753375,0.092425,0.088506,0.08397925,0.083443,0.119869,0.17489,3,47.71682754,-95.23480103
"3273",0.218125,0.2256875,0.1619425,0.103305333333333,0.08186925,0.08753375,0.092425,0.088506,0.08397925,0.083404,0.11578125,0.1953925,3,47.78928153,-94.4948957
"3737",0.1871525,0.220875,0.1691725,0.110428666666667,0.08186925,0.08753375,0.092425,0.088506,0.08397925,0.083314,0.1128115,0.1581975,3,47.90609305,-90.09901174
"3876",0.198685,0.20883,0.165835,0.109845333333333,0.08186925,0.08753375,0.092425,0.088506,0.08397925,0.083314,0.1131965,0.1577725,3,47.8220684,-90.30303243
"3877",0.1939575,0.1954475,0.16092,0.109275333333333,0.08186925,0.08753375,0.092425,0.088506,0.08397925,0.083314,0.112849,0.1506,3,47.82832074,-90.19648136
"3968",0.2177325,0.2256875,0.1629025,0.106015333333333,0.08186925,0.08753375,0.092425,0.088506,0.08397925,0.083314,0.11770575,0.1685325,3,47.32923249,-95.4704944
"3969",0.217605,0.2256875,0.1604925,0.105598666666667,0.08186925,0.08753375,0.092425,0.088506,0.08397925,0.083314,0.116063,0.1597675,3,47.34007032,-95.36571306
"3970",0.21568,0.2256875,0.1580175,0.107305333333333,0.08186925,0.08753375,0.092425,0.088506,0.08397925,0.083314,0.1138795,0.15341,3,47.35081556,-95.26089021
"4109",0.2173625,0.2256875,0.16378,0.108488666666667,0.08186925,0.08753375,0.092425,0.088506,0.08397925,0.083314,0.117194,0.1823225,3,47.25820311,-95.4544624
"4110",0.21495,0.22563,0.161215,0.108218666666667,0.08186925,0.08753375,0.092425,0.088506,0.08397925,0.083314,0.11649225,0.1740675,3,47.26902657,-95.3498143
"4111",0.2113375,0.2249975,0.1581475,0.108055333333333,0.08186925,0.08753375,0.092425,0.088506,0.08397925,0.083314,0.11437225,0.155905,3,47.27975755,-95.24512486
"4112",0.21038,0.224365,0.157065,0.107915333333333,0.08186925,0.08753375,0.092425,0.088506,0.08397925,0.083314,0.112669,0.1586875,3,47.29039601,-95.14039439
"4152",0.208285,0.2164325,0.165075,0.109702,0.08186925,0.08753375,0.092425,0.088506,0.08397925,0.083314,0.1124115,0.1470025,3,47.63948005,-90.9214318
"4250",0.2144,0.2256875,0.165505,0.109025333333333,0.08186925,0.08753375,0.092425,0.088506,0.08397925,0.083314,0.114789,0.1851775,3,47.18717322,-95.43847207
"4253",0.20962,0.2190225,0.156575,0.107168666666667,0.08186925,0.08753375,0.092425,0.088506,0.08397925,0.083314,0.11279825,0.1525025,3,47.21932351,-95.12480329
"4292",0.203445,0.22012,0.173275,0.110448666666667,0.08186925,0.08753375,0.092425,0.088506,0.08397925,0.083314,0.1125765,0.15496,3,47.56105304,-91.01723863
"4390",0.218125,0.2256875,0.1619,0.107944666666667,0.08186925,0.08753375,0.092425,0.088506,0.08397925,0.083314,0.11457925,0.1687025,3,47.10525563,-95.5268645
"4391",0.217965,0.22567,0.1658225,0.109096666666667,0.08186925,0.08753375,0.092425,0.088506,0.08397925,0.083314,0.1162115,0.18485,3,47.1161427,-95.42252327
"4394",0.2154925,0.2256875,0.1591375,0.107802,0.08186925,0.08753375,0.092425,0.088506,0.08397925,0.083314,0.1124605,0.1537275,3,47.14825055,-95.10925272
"4395",0.2152675,0.225605,0.157805,0.107032,0.08186925,0.08753375,0.092425,0.088506,0.08397925,0.083314,0.113019,0.1493025,3,47.15876853,-95.00474802
"4396",0.21123,0.2256875,0.15576,0.107228666666667,0.08186925,0.08753375,0.092425,0.088506,0.08397925,0.083314,0.112665,0.1487675,3,47.1691941,-94.90020327
"4405",0.1918375,0.19678,0.1445025,0.106105333333333,0.08186925,0.08753375,0.092425,0.088506,0.08397925,0.083314,0.1126125,0.148475,3,47.25885718,-93.95755334
"4431",0.208255,0.22417,0.1796225,0.110902,0.08186925,0.08753375,0.092425,0.088506,0.08397925,0.083314,0.11236225,0.1737,3,47.47548512,-91.21852909
"4537",0.20884,0.2256875,0.1572925,0.108905333333333,0.08186925,0.08753375,0.092425,0.088506,0.08397925,0.083314,0.1136795,0.158435,3,47.09809294,-94.8849587
"4538",0.209475,0.2256875,0.154385,0.109607333333333,0.08186925,0.08753375,0.092425,0.088506,0.08397925,0.083314,0.11264575,0.15158,3,47.10841241,-94.78050727
"4675",0.21295,0.2253825,0.1659075,0.108306,0.08186925,0.08753375,0.092425,0.088506,0.08397925,0.0833203333333333,0.11639975,0.1656825,3,46.99552036,-95.18247207
"4680",0.204895,0.2229675,0.159435,0.108792,0.08186925,0.08753375,0.092425,0.088506,0.08397925,0.083314,0.11393425,0.1582725,3,47.04751069,-94.66107717
"4687",0.19346,0.216505,0.1501225,0.105235333333333,0.08186925,0.08753375,0.092425,0.088506,0.08397925,0.0833196666666667,0.112533,0.1468975,3,47.11641755,-93.92950621
"4710",0.2099975,0.2252875,0.1701525,0.107665333333333,0.08186925,0.08753375,0.092425,0.088506,0.08397925,0.083326,0.1122375,0.155236666666667,3,47.31076287,-91.51383509
"4814",0.209365,0.2227425,0.1615425,0.105682,0.08186925,0.08753375,0.092425,0.088506,0.08397925,0.083314,0.11377375,0.1569675,3,46.90304628,-95.37492439
"4850",0.20268,0.22567,0.175035,0.110248666666667,0.08186925,0.08753375,0.092425,0.088506,0.08397925,0.083314,0.11215,0.168076666666667,3,47.23187217,-91.60821122
"4851",0.200035,0.217895,0.17412,0.110058666666667,0.08186925,0.08753375,0.092425,0.088506,0.08397925,0.083391,0.11215375,0.14766,3,47.23928502,-91.50297427
"4884",0.215375,0.2234625,0.1933525,0.114828666666667,0.08186925,0.08753375,0.092425,0.088506,0.08397925,0.083314,0.115354,0.189625,3,47.43120567,-88.0163367
"4990",0.19083,0.2138575,0.1684325,0.106222,0.08186925,0.08753375,0.092425,0.088506,0.08397925,0.083314,0.11246425,0.1558575,3,47.1529084,-91.70231486
"4991",0.2017675,0.2170275,0.172215,0.109658666666667,0.08186925,0.08753375,0.092425,0.088506,0.08397925,0.083314,0.1127525,0.1506675,3,47.16040482,-91.59724268
"5104",0.21251,0.2256775,0.160195,0.106548666666667,0.08186925,0.08753375,0.092425,0.088506,0.08397925,0.083314,0.115564,0.1657925,3,46.84420185,-94.51249124
"5109",0.211625,0.2256875,0.1554325,0.103848666666667,0.08186925,0.08753375,0.092425,0.088506,0.08397925,0.083314,0.1126915,0.14833,3,46.89322759,-93.99193071
"5243",0.21579,0.2254675,0.157285,0.104152,0.08186925,0.08753375,0.092425,0.088506,0.08397925,0.0833216666666667,0.116651,0.1618125,3,46.75282833,-94.70553503
"5390",0.211065,0.22543,0.1568,0.106562,0.08186925,0.08753375,0.092425,0.088506,0.08397925,0.083314,0.114289,0.1595075,3,46.74121319,-94.06790246
"5530",0.2136525,0.22554,0.1559,0.106335333333333,0.08186925,0.08753375,0.092425,0.088506,0.08397925,0.083314,0.1144415,0.1612675,3,46.66034004,-94.15760353
"5559",0.203245,0.2250125,0.1734975,0.106255333333333,0.08186925,0.08753375,0.092425,0.088506,0.08397925,0.083314,0.11223325,0.1448,3,46.90343695,-91.13524889
"5671",0.2161975,0.2256875,0.16271,0.107312,0.08186925,0.08753375,0.092425,0.088506,0.08397925,0.083314,0.116909,0.16867,3,46.5891535,-94.14345595
"5701",0.21074,0.2175625,0.17434,0.103445333333333,0.08186925,0.08753375,0.092425,0.088506,0.08397925,0.083314,0.11215525,0.1445325,3,46.83891556,-91.02042635
"5812",0.214995,0.2256825,0.1570825,0.106885333333333,0.08186925,0.08753375,0.092425,0.088506,0.08397925,0.083314,0.1157115,0.16285,3,46.5179658,-94.12934479
"5836",0.2065975,0.2235725,0.161575,0.104045333333333,0.08186925,0.08753375,0.092425,0.088506,0.08397925,0.083316,0.1128505,0.14507,3,46.72416957,-91.63629239
"5842",0.19844,0.22135,0.17053,0.104098666666667,0.08186925,0.08753375,0.092425,0.088506,0.08397925,0.083314,0.1123915,0.143925,3,46.76740244,-91.01029935
"5843",NA,NA,NA,NA,0.08186925,0.08753375,0.092425,0.088506,0.08397925,NA,NA,NA,3,46.77428302,-90.90587322
"5949",0.213045,0.2207975,0.1556375,0.105328666666667,0.08186925,0.08753375,0.092425,0.088506,0.08397925,0.083314,0.1142715,0.1607525,3,46.40731205,-94.52834808
"5968",0.204485,0.223685,0.1592225,0.103402,0.08186925,0.08753375,0.092425,0.088506,0.08397925,0.083445,0.115447,0.155785,3,46.5817039,-92.56124622
"5970",0.19766,0.2119625,0.1531775,0.103282,0.08186925,0.08753375,0.092425,0.088506,0.08397925,0.083314,0.114494,0.1483625,3,46.59813008,-92.35348784
"5979",0.217185,0.2256875,0.16164,0.104102,0.08186925,0.08753375,0.092425,0.088506,0.08397925,0.0833266666666667,0.112756,0.14624,3,46.66747564,-91.41710105
"5980",0.217803333333333,0.2256875,0.1709725,0.104072,0.08186925,0.08753375,0.092425,0.088506,0.08397925,0.0833326666666667,0.11221825,0.16196,3,46.67471809,-91.3129159
"5981",0.211376666666667,0.2256875,0.172385,0.103268666666667,0.08186925,0.08753375,0.092425,0.088506,0.08397925,0.0833143333333333,0.11237525,0.16384,3,46.68186787,-91.20870355
"5982",0.21192,0.225645,0.1747125,0.103652,0.08186925,0.08753375,0.092425,0.088506,0.08397925,0.08332,0.11312025,0.1475775,3,46.68892495,-91.10446435
"6110",0.178655,0.204535,0.1480775,0.103322,0.08186925,0.08753375,0.092425,0.088506,0.08397925,0.083314,0.114504,0.1485825,3,46.51858768,-92.44544457
"6118",0.2105,0.2251325,0.15249,0.103268666666667,0.08186925,0.08753375,0.092425,0.088506,0.08397925,0.083318,0.11243625,0.1450625,3,46.58125593,-91.61451264
"6120",0.2157425,0.2256875,0.1625175,0.103672,0.08186925,0.08753375,0.092425,0.088506,0.08397925,0.083315,0.11235975,0.1450825,3,46.59599942,-91.40649193
"6121",0.2146825,0.22563,0.1635525,0.103352,0.08186925,0.08753375,0.092425,0.088506,0.08397925,0.083314,0.1123765,0.14608,3,46.60323242,-91.30244026
"6122",0.213506666666667,0.2256875,0.165355,0.103892,0.08186925,0.08753375,0.092425,0.088506,0.08397925,0.083314,0.11354775,0.14787,3,46.61037288,-91.19836151
"6123",0.21452,0.2256875,0.165615,0.103672,0.08186925,0.08753375,0.092425,0.088506,0.08397925,0.083314,0.114084,0.1530075,3,46.61742076,-91.094256
"6145",0.195325,0.1801575,0.1409175,0.103408666666667,0.08186925,0.08753375,0.092425,0.088506,0.08397925,0.0833223333333333,0.1134765,0.144745,3,46.74898385,-88.79785839
"6146",0.189365,0.192685,0.1446525,0.103535333333333,0.08186925,0.08753375,0.092425,0.088506,0.08397925,0.0833166666666667,0.1127865,0.1445475,3,46.75389346,-88.69323219
"6148",0.195905,0.2142675,0.15297,0.103598666666667,0.08186925,0.08753375,0.092425,0.088506,0.08397925,0.0833166666666667,0.1147215,0.1686825,3,46.76343271,-88.48392469
"6254",0.20528,0.2193575,0.1566175,0.103385333333333,0.08186925,0.08753375,0.092425,0.088506,0.08397925,0.083314,0.1141765,0.1518975,3,46.47137273,-92.12255608
"6258",0.20247,0.2177725,0.146185,0.103308666666667,0.08186925,0.08753375,0.092425,0.088506,0.08397925,0.083318,0.1125545,0.1470225,3,46.5022978,-91.70750053
"6259",0.2105375,0.22451,0.149535,0.103402,0.08186925,0.08753375,0.092425,0.088506,0.08397925,0.0833333333333333,0.11372475,0.14752,3,46.50979847,-91.60366498
"6260",0.2186025,0.2256625,0.1545625,0.103335333333333,0.08186925,0.08753375,0.092425,0.088506,0.08397925,0.083314,0.1131415,0.1458,3,46.51720681,-91.49980144
"6262",0.203905,0.2241725,0.1569075,0.104045333333333,0.08186925,0.08753375,0.092425,0.088506,0.08397925,0.083314,0.1129165,0.1459475,3,46.5317464,-91.29199172
"6279",0.2152525,0.2256875,0.17689,0.108575333333333,0.08186925,0.08753375,0.092425,0.088506,0.08397925,0.0834933333333333,0.12950675,0.1850375,3,46.64037821,-89.52152494
"6281",0.218076666666667,0.225635,0.1727825,0.105012,0.08186925,0.08753375,0.092425,0.088506,0.08397925,0.083314,0.114077666666667,0.207356666666667,3,46.65139476,-89.31279962
"6282",0.2138325,0.22386,0.164385,0.104872,0.08186925,0.08753375,0.092425,0.088506,0.08397925,0.0833156666666667,0.11647325,0.1789,3,46.65676349,-89.20840606
"6403",0.2070725,0.2179,0.1533775,0.103268666666667,0.08186925,0.08753375,0.092425,0.088506,0.08397925,0.083314,0.112349,0.1435325,3,46.46025991,-91.28157017
"6408",0.21485,0.2256875,0.1421125,0.103268666666667,0.08186925,0.08753375,0.092425,0.088506,0.08397925,0.083314,0.1122615,0.146265,3,46.49494569,-90.76224513
"6409",0.1834875,0.1991175,0.144975,0.103268666666667,0.08186925,0.08753375,0.092425,0.088506,0.08397925,0.083314,0.112889,0.1487975,3,46.50160552,-90.65830319
"6539",0.21607,0.2223925,0.14497,0.103268666666667,0.08186925,0.08753375,0.092425,0.088506,0.08397925,0.083314,0.113694,0.153355,3,46.35182711,-91.78916721
"6540",0.216945,0.223235,0.1445675,0.103288666666667,0.08186925,0.08753375,0.092425,0.088506,0.08397925,0.083314,0.1127115,0.1469125,3,46.35940043,-91.68562443
"6542",0.2096525,0.219935,0.1475775,0.103268666666667,0.08186925,0.08753375,0.092425,0.088506,0.08397925,0.0833166666666667,0.1122565,0.1471025,3,46.37427088,-91.47845485
"6547",0.2174725,0.2256875,0.1505075,0.103268666666667,0.08186925,0.08753375,0.092425,0.088506,0.08397925,0.083314,0.113264,0.1446025,3,46.40983423,-90.96005646
"6568",0.2056225,0.2041075,0.1529575,0.104305333333333,0.08186925,0.08753375,0.092425,0.088506,0.08397925,0.0833413333333333,0.1140715,0.16362,3,46.53395567,-88.77624079
"6665",0.2162425,0.2256875,0.15434,0.103278666666667,0.08186925,0.08753375,0.092425,0.088506,0.08397925,0.083314,0.113489,0.1489025,3,46.15592781,-93.32572174
"6678",0.20118,0.2077575,0.15125,0.103385333333333,0.08186925,0.08753375,0.092425,0.088506,0.08397925,0.083314,0.1130865,0.1561675,3,46.26498419,-91.98487648
"6679",0.2091125,0.21544,0.147225,0.103515333333333,0.08186925,0.08753375,0.092425,0.088506,0.08397925,0.083314,0.1137015,0.153265,3,46.27273151,-91.88152241
"6683",0.190385,0.2064875,0.1426625,0.103268666666667,0.08186925,0.08753375,0.092425,0.088506,0.08397925,0.083314,0.1121715,0.1441625,3,46.30280182,-91.46782278
"6817",0.205735,0.209595,0.1478725,0.103495333333333,0.08186925,0.08753375,0.092425,0.088506,0.08397925,0.083314,0.112904,0.14793,3,46.17781302,-92.17997366
"6834",0.21691,0.2246325,0.162665,0.103405333333333,0.08186925,0.08753375,0.092425,0.088506,0.08397925,0.083314,0.1121965,0.18637,3,46.29997361,-90.42242346
"6845",0.207855,0.2161625,0.153065,0.105165333333333,0.08186925,0.08753375,0.092425,0.088506,0.08397925,0.083314,0.1129115,0.1780325,3,46.36482569,-89.2814024
"6956",0.2063675,0.2127925,0.1482775,0.104282,0.08186925,0.08753375,0.092425,0.088506,0.08397925,0.083314,0.1138115,0.1518675,3,46.09031493,-92.37445933
"6957",0.2021125,0.2038975,0.1477225,0.104248666666667,0.08186925,0.08753375,0.092425,0.088506,0.08397925,0.083314,0.113544,0.15226,3,46.09840854,-92.27148431
"6958",0.2006175,0.198745,0.144335,0.103492,0.08186925,0.08753375,0.092425,0.088506,0.08397925,0.083314,0.112564,0.14764,3,46.10641067,-92.16847954
"6959",0.19929,0.197165,0.143985,0.103318666666667,0.08186925,0.08753375,0.092425,0.088506,0.08397925,0.083314,0.1125415,0.1469825,3,46.11432129,-92.06544535
"6960",0.2113375,0.21827,0.1476325,0.103315333333333,0.08186925,0.08753375,0.092425,0.088506,0.08397925,0.0833276666666667,0.112564,0.15298,3,46.12214034,-91.96238205
"6986",0.213075,0.219936666666667,0.1480075,0.104565333333333,0.08186925,0.08753375,0.092425,0.088506,0.08397925,0.083314,0.1137215,0.177516666666667,3,46.29318289,-89.27360373
"6994",0.21082,0.2242,0.172985,0.103452,0.08186925,0.08753375,0.092425,0.088506,0.08397925,0.083314,0.1156065,0.171393333333333,3,46.33326404,-88.4432794
"6999",0.2114975,0.21913,0.169265,0.105518666666667,0.08186925,0.08753375,0.092425,0.088506,0.08397925,0.083314,0.1146415,0.1632525,3,46.35530476,-87.92375105
"7001",0.210205,0.2223325,0.16515,0.108018666666667,0.08186925,0.08753375,0.092425,0.088506,0.08397925,0.083314,0.11445025,0.15711,3,46.36347194,-87.71582773
"7028",0.1967575,0.209665,0.16814,0.110095333333333,0.08186925,0.08753375,0.092425,0.088506,0.08397925,0.083314,0.11503625,0.15063,3,46.43734544,-84.90413435
"7094",0.197395,0.20926,0.142555,0.103368666666667,0.08186925,0.08753375,0.092425,0.088506,0.08397925,0.083314,0.1145415,0.151865,3,45.99413409,-92.67108821
"7096",0.206675,0.210865,0.144805,0.103558666666667,0.08186925,0.08753375,0.092425,0.088506,0.08397925,0.083314,0.114199,0.1520475,3,46.01075714,-92.4655494
"7097",0.206155,0.216125,0.1489025,0.104212,0.08186925,0.08753375,0.092425,0.088506,0.08397925,0.083314,0.114364,0.1529175,3,46.01893175,-92.3627344
"7098",0.201325,0.2097075,0.1472325,0.104352,0.08186925,0.08753375,0.092425,0.088506,0.08397925,0.083314,0.113469,0.15262,3,46.02701504,-92.25988945
"7099",0.2067175,0.2133,0.148,0.104882,0.08186925,0.08753375,0.092425,0.088506,0.08397925,0.083314,0.113249,0.154985,3,46.03500696,-92.15701485
"7100",0.20471,0.2027175,0.1427275,0.103305333333333,0.08186925,0.08753375,0.092425,0.088506,0.08397925,0.083314,0.1124015,0.1483775,3,46.04290748,-92.05411095
"7101",0.2095825,0.2125375,0.144255,0.103525333333333,0.08186925,0.08753375,0.092425,0.088506,0.08397925,0.083314,0.1121915,0.1472275,3,46.05071655,-91.95117805
"7105",0.2109125,0.22295,0.1498175,0.103765333333333,0.08186925,0.08753375,0.092425,0.088506,0.08397925,0.083314,0.1133265,0.1503175,3,46.08103766,-91.53916312
"7236",0.20238,0.208735,0.1430775,0.103522,0.08186925,0.08753375,0.092425,0.088506,0.08397925,0.083314,0.114774,0.156235,3,45.93112742,-92.55638
"7241",0.2093925,0.221135,0.147735,0.104332,0.08186925,0.08753375,0.092425,0.088506,0.08397925,0.083314,0.1126965,0.157215,3,45.97149225,-92.04280554
"7242",0.2136375,0.219945,0.1461825,0.103712,0.08186925,0.08753375,0.092425,0.088506,0.08397925,0.083314,0.1123465,0.1477175,3,45.97929137,-91.94000272
"7244",0.2172175,0.2164775,0.144815,0.103455333333333,0.08186925,0.08753375,0.092425,0.088506,0.08397925,0.083314,0.1125515,0.14651,3,45.99461548,-91.73431175
"7251",0.18346,0.1953775,0.1430075,0.103268666666667,0.08186925,0.08753375,0.092425,0.088506,0.08397925,0.083314,0.1125265,0.1451775,3,46.0453675,-91.01353156
"7277",0.212565,0.2234525,0.1740925,0.108442,0.08186925,0.08753375,0.092425,0.088506,0.08397925,0.083314,0.1154165,0.1620325,3,46.19445542,-88.32626504
"7288",0.190585,0.2009675,0.154805,0.106722,0.08186925,0.08753375,0.092425,0.088506,0.08397925,0.083314,0.1138515,0.1640125,3,46.23874888,-87.18556302
"7375",0.19783,0.20774,0.1419425,0.103268666666667,0.08186925,0.08753375,0.092425,0.088506,0.08397925,0.083314,0.1149215,0.156685,3,45.84299898,-92.74941696
"7380",0.2074625,0.21704,0.1464575,0.104065333333333,0.08186925,0.08753375,0.092425,0.088506,0.08397925,0.083314,0.113474,0.158385,3,45.88422342,-92.23678851
"7381",0.20918,0.22167,0.1475475,0.104362,0.08186925,0.08753375,0.092425,0.088506,0.08397925,0.083314,0.113434,0.1599325,3,45.89219504,-92.1341733
"7382",0.210175,0.225515,0.1484625,0.104735333333333,0.08186925,0.08753375,0.092425,0.088506,0.08397925,0.083314,0.1132215,0.1616475,3,45.90007548,-92.031529
"7384",0.2164325,0.22508,0.1488375,0.106322,0.08186925,0.08753375,0.092425,0.088506,0.08397925,0.083318,0.1126065,0.1644975,3,45.91556266,-91.82615442
"7389",0.2145675,0.2251125,0.166275,0.103268666666667,0.08186925,0.08753375,0.092425,0.088506,0.08397925,0.083314,0.1137065,0.1697575,3,45.95268232,-91.31223155
"7407",0.20799,0.2234025,0.1656275,0.104308666666667,0.08186925,0.08753375,0.092425,0.088506,0.08397925,0.083315,0.117758,0.17535,3,46.0673483,-89.45692002
"7424",0.1854925,0.1866275,0.1426175,0.103495333333333,0.08186925,0.08753375,0.092425,0.088506,0.08397925,0.083314,0.1122965,0.1450775,3,46.14826914,-87.69854102
"7525",0.21414,0.225685,0.1538375,0.104722,0.08186925,0.08753375,0.092425,0.088506,0.08397925,0.083314,0.112704,0.1531125,3,45.84412461,-91.81516562
"7558",0.2073425,0.2256875,0.1648175,0.108048666666667,0.08186925,0.08753375,0.092425,0.088506,0.08397925,0.083314,0.11236775,0.1452925,3,46.04648157,-88.41653088
"7571",0.208635,0.2197925,0.1542225,0.103305333333333,0.08186925,0.08753375,0.092425,0.088506,0.08397925,0.083314,0.1130265,0.14415,3,46.09869338,-87.07189587
"7582",0.2124,0.2256225,0.17401,0.103512,0.08186925,0.08753375,0.092425,0.088506,0.08397925,0.083314,0.1173015,0.1578325,3,46.13067419,-85.93242259
"7679",0.2039175,0.225685,0.15377,0.103268666666667,0.08186925,0.08753375,0.092425,0.088506,0.08397925,0.083314,0.113669,0.144915,3,45.86420475,-90.47002708
"7704",0.1890125,0.2061625,0.1502425,0.103472,0.08186925,0.08753375,0.092425,0.088506,0.08397925,0.083314,0.11243025,0.14475,3,45.99668385,-87.89368223
"7797",0.1947975,0.21092,0.1408525,0.103268666666667,0.08186925,0.08753375,0.092425,0.088506,0.08397925,0.083314,0.1124965,0.14881,3,45.62046849,-92.81510696
"7845",0.18885,0.22566,0.151765,0.103268666666667,0.08186925,0.08753375,0.092425,0.088506,0.08397925,0.083314,0.112399,0.144715,3,45.924958,-87.88771477
"7962",0.2017375,0.2256875,0.15287,0.103268666666667,0.08186925,0.08753375,0.092425,0.088506,0.08397925,0.083314,0.113619,0.14887,3,45.72747285,-90.34901078
"7986",0.1887625,0.2225025,0.1416525,0.103275333333333,0.08186925,0.08753375,0.092425,0.088506,0.08397925,0.083314,0.112494,0.1459425,3,45.85323134,-87.88176261
"8123",0.190355,0.219265,0.15648,0.103278666666667,0.08186925,0.08753375,0.092425,0.088506,0.08397925,0.083314,0.113019,0.1441675,3,45.76423457,-88.28724232
"8247",0.195885,0.2256875,0.158845,0.103268666666667,0.08186925,0.08753375,0.092425,0.088506,0.08397925,0.083314,0.1126515,0.1441575,3,45.60289189,-90.02389986
"8250",0.2079175,0.2256875,0.1574775,0.103275333333333,0.08186925,0.08753375,0.092425,0.088506,0.08397925,0.083314,0.1159665,0.15516,3,45.62062864,-89.71671028
"8264",0.18715,0.207305,0.1522775,0.103275333333333,0.08186925,0.08753375,0.092425,0.088506,0.08397925,0.083314,0.1124915,0.1434525,3,45.69252781,-88.2807967
"8266",0.185205,0.20546,0.1440775,0.103398666666667,0.08186925,0.08753375,0.092425,0.088506,0.08397925,0.083314,0.112344,0.144095,3,45.70133477,-88.07538189
"8267",0.190265,0.2167,0.1387875,0.103268666666667,0.08186925,0.08753375,0.092425,0.088506,0.08397925,0.083314,0.1122365,0.1461675,3,45.70560078,-87.97265064
"8268",0.1881875,0.1980075,0.14033,0.103268666666667,0.08186925,0.08753375,0.092425,0.088506,0.08397925,0.083314,0.112294,0.1439675,3,45.70977511,-87.86990393
"8269",0.1983525,0.22333,0.1424775,0.103268666666667,0.08186925,0.08753375,0.092425,0.088506,0.08397925,0.083314,0.1122165,0.1433275,3,45.71385773,-87.76714211
"8385",0.195255,0.2256875,0.15515,0.103268666666667,0.08186925,0.08753375,0.092425,0.088506,0.08397925,0.083314,0.1124415,0.1431125,3,45.51276276,-90.32186592
"8386",0.1960875,0.2256875,0.1595675,0.103268666666667,0.08186925,0.08753375,0.092425,0.088506,0.08397925,0.083314,0.112744,0.14017,3,45.5190318,-90.2196871
"8387",0.1948825,0.2256875,0.16035,0.103332,0.08186925,0.08753375,0.092425,0.088506,0.08397925,0.083314,0.112479,0.143315,3,45.52520984,-90.1174857
"8388",0.192985,0.2256875,0.15831,0.103268666666667,0.08186925,0.08753375,0.092425,0.088506,0.08397925,0.083314,0.112239,0.144605,3,45.53129683,-90.01526202
"8391",0.2073525,0.2256875,0.1584675,0.103272,0.08186925,0.08753375,0.092425,0.088506,0.08397925,0.083314,0.1149315,0.159415,3,45.54901128,-89.70846062
"8404",0.18942,0.2195325,0.1461475,0.103322,0.08186925,0.08753375,0.092425,0.088506,0.08397925,0.083314,0.1123115,0.1431575,3,45.61628463,-88.37691994
"8405",0.1883675,0.21103,0.14769,0.103272,0.08186925,0.08753375,0.092425,0.088506,0.08397925,0.083314,0.112259,0.1433175,3,45.62081981,-88.27436752
"8409",0.19234,0.1987625,0.1369425,0.103268666666667,0.08186925,0.08753375,0.092425,0.088506,0.08397925,0.083314,0.112159,0.1444225,3,45.63804531,-87.86399731
"8526",0.20319,0.2256875,0.158075,0.103272,0.08186925,0.08753375,0.092425,0.088506,0.08397925,0.083314,0.1124015,0.1443925,3,45.44118915,-90.31286358
"8527",0.2042375,0.2256875,0.160565,0.103395333333333,0.08186925,0.08753375,0.092425,0.088506,0.08397925,0.083314,0.1126015,0.14681,3,45.44745034,-90.21081349
"8546",0.19456,0.2255325,0.1429475,0.103268666666667,0.08186925,0.08753375,0.092425,0.088506,0.08397925,0.083314,0.1121565,0.1431875,3,45.54911046,-88.26795473
"8547",0.19116,0.2104875,0.1417125,0.103268666666667,0.08186925,0.08753375,0.092425,0.088506,0.08397925,0.083314,0.1122215,0.14424,3,45.55354854,-88.16551615
"8665",0.1895625,0.2115025,0.149465,0.103268666666667,0.08186925,0.08753375,0.092425,0.088506,0.08397925,0.083314,0.1121565,0.1436675,3,45.35683459,-90.50765886
"8666",0.2067925,0.225685,0.1556625,0.103268666666667,0.08186925,0.08753375,0.092425,0.088506,0.08397925,0.083314,0.112679,0.15129,3,45.36326944,-90.40578299
"8667",0.207065,0.2256875,0.160055,0.103278666666667,0.08186925,0.08753375,0.092425,0.088506,0.08397925,0.083314,0.112934,0.1557425,3,45.36961357,-90.30388406
"8687",0.190235,0.2060025,0.14013,0.103268666666667,0.08186925,0.08753375,0.092425,0.088506,0.08397925,0.083314,0.1121565,0.1449775,3,45.47739966,-88.26155827
"8688",0.18949,0.2034175,0.1429825,0.103268666666667,0.08186925,0.08753375,0.092425,0.088506,0.08397925,0.083314,0.1121565,0.1436375,3,45.48183216,-88.15924957
"8689",0.1943275,0.2157975,0.1486075,0.103268666666667,0.08186925,0.08753375,0.092425,0.088506,0.08397925,0.083314,0.1121615,0.143115,3,45.48617337,-88.05692494
"8691",0.1928425,0.21753,0.1443475,0.103268666666667,0.08186925,0.08753375,0.092425,0.088506,0.08397925,0.083314,0.112164,0.1452,3,45.49458182,-87.85222918
"8804",0.196005,0.2182225,0.146715,0.103268666666667,0.08186925,0.08753375,0.092425,0.088506,0.08397925,0.083314,0.112889,0.148275,3,45.27214744,-90.70187188
"8806",0.201925,0.219165,0.1538425,0.103268666666667,0.08186925,0.08753375,0.092425,0.088506,0.08397925,0.083314,0.1121465,0.148665,3,45.28527286,-90.49844617
"8807",0.2099575,0.2256825,0.157565,0.103268666666667,0.08186925,0.08753375,0.092425,0.088506,0.08397925,0.083314,0.112469,0.1600675,3,45.2916997,-90.39669821
"8826",0.1871875,0.2139,0.14643,0.103268666666667,0.08186925,0.08753375,0.092425,0.088506,0.08397925,0.083314,0.1121565,0.14397,3,45.39655993,-88.45948742
"8827",0.1872625,0.19749,0.14565,0.103268666666667,0.08186925,0.08753375,0.092425,0.088506,0.08397925,0.083314,0.112164,0.1432925,3,45.40116918,-88.357341
"8828",0.1897175,0.2089575,0.1469175,0.103268666666667,0.08186925,0.08753375,0.092425,0.088506,0.08397925,0.083314,0.112159,0.14277,3,45.40568729,-88.25517806
"8829",0.1931575,0.2187925,0.1456,0.103268666666667,0.08186925,0.08753375,0.092425,0.088506,0.08397925,0.083314,0.1121565,0.143615,3,45.41011423,-88.15299892
"8832",0.1975425,0.220905,0.141735,0.103268666666667,0.08186925,0.08753375,0.092425,0.088506,0.08397925,0.083314,0.1121615,0.1442075,3,45.4228479,-87.84636757
"8865",0.211615,0.2149975,0.15412,0.106712,0.08186925,0.08753375,0.092425,0.088506,0.08397925,0.083314,0.1128765,0.14476,3,45.5086252,-84.46653475
"8867",0.20639,0.2206425,0.154335,0.106705333333333,0.08186925,0.08753375,0.092425,0.088506,0.08397925,0.083314,0.113109,0.1456475,3,45.51061916,-84.26143736
"8945",0.1933575,0.2256175,0.150515,0.103268666666667,0.08186925,0.08753375,0.092425,0.088506,0.08397925,0.083314,0.1122365,0.14889,3,45.20059977,-90.69242755
"8952",0.1986375,0.2256875,0.159415,0.103268666666667,0.08186925,0.08753375,0.092425,0.088506,0.08397925,0.083314,0.112479,0.142985,3,45.24489778,-89.9809293
"8968",0.1881575,0.20585,0.145165,0.103268666666667,0.08186925,0.08753375,0.092425,0.088506,0.08397925,0.083314,0.1121565,0.144335,3,45.32946078,-88.35084783
"9005",0.2100175,0.22277,0.152915,0.105788666666667,0.08186925,0.08753375,0.092425,0.088506,0.08397925,0.083314,0.113524,0.144965,3,45.43564906,-84.56739516
"9109",0.190845,0.1818875,0.1398675,0.103268666666667,0.08186925,0.08753375,0.092425,0.088506,0.08397925,0.083314,0.1121565,0.1442625,3,45.25775057,-88.34437111
"9110",0.18714,0.1882925,0.144025,0.103268666666667,0.08186925,0.08753375,0.092425,0.088506,0.08397925,0.083314,0.1121565,0.1454875,3,45.2622574,-88.24246619
"9146",0.2131,0.225375,0.15146,0.104145333333333,0.08186925,0.08753375,0.092425,0.088506,0.08397925,0.083314,0.1124415,0.14506,3,45.36380608,-84.56571693
"9147",0.20497,0.2193925,0.14813,0.104248666666667,0.08186925,0.08753375,0.092425,0.088506,0.08397925,0.083314,0.1134765,0.14701,3,45.3649377,-84.46343492
"9248",0.186485,0.18598,0.137495,0.103268666666667,0.08186925,0.08753375,0.092425,0.088506,0.08397925,0.083314,0.1121565,0.1425475,3,45.17676361,-88.54141426
"9291",0.2162625,0.22516,0.1507375,0.107168666666667,0.08186925,0.08753375,0.092425,0.088506,0.08397925,0.083314,0.1128865,0.14698,3,45.2959346,-84.15541253
"9428",0.212445,0.2231475,0.1506925,0.103892,0.08186925,0.08753375,0.092425,0.088506,0.08397925,0.083314,0.1133115,0.14325,3,45.22011576,-84.56237326
"9431",0.2127025,0.2186525,0.1431975,0.106288666666667,0.08186925,0.08753375,0.092425,0.088506,0.08397925,0.083314,0.113234,0.14438,3,45.22322853,-84.25629457
"9571",0.213195,0.2105975,0.141145,0.103508666666667,0.08186925,0.08753375,0.092425,0.088506,0.08397925,0.083314,0.112834,0.1425975,3,45.15043188,-84.35691761
"9574",0.2141775,0.22179,0.151725,0.107075333333333,0.08186925,0.08753375,0.092425,0.088506,0.08397925,0.083314,0.112414,0.1445575,3,45.15299424,-84.05120646
"9645",0.1840375,0.2135375,0.1449325,0.103268666666667,0.08186925,0.08753375,0.092425,0.088506,0.08397925,0.083314,0.112349,0.1452575,3,44.8086796,-91.14991075
"9714",0.1978775,0.2045,0.144255,0.104218666666667,0.08186925,0.08753375,0.092425,0.088506,0.08397925,0.083314,0.112254,0.144665,3,45.08037699,-84.15196789
"9787",0.18606,0.2109975,0.1386325,0.103268666666667,0.08186925,0.08753375,0.092425,0.088506,0.08397925,0.083314,0.1121565,0.1444475,3,44.74415736,-91.03928562
"9788",0.195405,0.221315,0.1422975,0.103268666666667,0.08186925,0.08753375,0.092425,0.088506,0.08397925,0.083314,0.1121565,0.14217,3,44.75106744,-90.93856498
"9991",0.2155,0.2256875,0.1655425,0.103325333333333,0.08186925,0.08753375,0.092425,0.088506,0.08397925,0.083314,0.1125515,0.1433025,3,44.93150065,-84.65723961
"9993",0.216215,0.2255825,0.165135,0.103435333333333,0.08186925,0.08753375,0.092425,0.088506,0.08397925,0.083314,0.1132965,0.14443,3,44.93383779,-84.45422936
"9995",0.21932,0.2252575,0.14771,0.103305333333333,0.08186925,0.08753375,0.092425,0.088506,0.08397925,0.083314,0.1121715,0.1452625,3,44.93581196,-84.25120374
"9996",0.206676666666667,0.21538,0.14075,0.103268666666667,0.08186925,0.08753375,0.092425,0.088506,0.08397925,0.083314,0.1121565,0.1455925,3,44.93666291,-84.14968596
"9997",0.218845,0.2256675,0.14165,0.103268666666667,0.08186925,0.08753375,0.092425,0.088506,0.08397925,0.083314,0.1121565,0.1451475,3,44.93742311,-84.04816531
"9998",0.2123075,0.22318,0.1451625,0.103532,0.08186925,0.08753375,0.092425,0.088506,0.08397925,0.083314,0.112509,0.14447,3,44.93809254,-83.94664212
"10133",0.2127025,0.22416,0.1628375,0.103268666666667,0.08186925,0.08753375,0.092425,0.088506,0.08397925,0.083314,0.112874,0.144165,3,44.86085939,-84.55408786
"10136",0.219576666666667,0.22541,0.1507825,0.103268666666667,0.08186925,0.08753375,0.092425,0.088506,0.08397925,0.083314,0.1123365,0.144995,3,44.86395294,-84.24993906
"10137",0.226135,0.222455,0.14468,0.103268666666667,0.08186925,0.08753375,0.092425,0.088506,0.08397925,0.083314,0.1122515,0.14556,3,44.86480284,-84.14854932
"10138",0.2183625,0.2256875,0.146095,0.103268666666667,0.08186925,0.08753375,0.092425,0.088506,0.08397925,0.083314,0.112299,0.14561,3,44.8655621,-84.04715671
"10141",0.203565,0.2062475,0.136885,0.103388666666667,0.08186925,0.08753375,0.092425,0.088506,0.08397925,0.083314,0.112744,0.145705,3,44.86729597,-83.74296495
"10142",0.2130125,0.223995,0.15083,0.106828666666667,0.08186925,0.08753375,0.092425,0.088506,0.08397925,0.083314,0.1135365,0.1495075,3,44.86769261,-83.64156412
"10212",0.18556,0.202375,0.1364475,0.103268666666667,0.08186925,0.08753375,0.092425,0.088506,0.08397925,0.083314,0.1121565,0.1425125,3,44.54322689,-90.80930285
"10271",0.2157175,0.2256875,0.1656125,0.103268666666667,0.08186925,0.08753375,0.092425,0.088506,0.08397925,0.083314,0.1126465,0.1428325,3,44.78509761,-84.85617182
"10274",0.2150925,0.223965,0.1577725,0.103268666666667,0.08186925,0.08753375,0.092425,0.088506,0.08397925,0.083314,0.112894,0.1448225,3,44.789002,-84.55244331
"10277",0.21441,0.224875,0.14882,0.103268666666667,0.08186925,0.08753375,0.092425,0.088506,0.08397925,0.083314,0.1125065,0.144725,3,44.79209175,-84.24867756
"10279",0.2151975,0.22501,0.14567,0.103268666666667,0.08186925,0.08753375,0.092425,0.088506,0.08397925,0.083314,0.1130715,0.14495,3,44.79369894,-84.04615066
"10282",0.2183,0.2238525,0.1353925,0.103472,0.08186925,0.08753375,0.092425,0.088506,0.08397925,0.083314,0.112199,0.1459325,3,44.79543067,-83.74234211
"10283",0.2001725,0.2049375,0.1427425,0.105318666666667,0.08186925,0.08753375,0.092425,0.088506,0.08397925,0.083314,0.112559,0.1459175,3,44.79582683,-83.64106904
"10284",0.21388,0.2254275,0.1494775,0.106885333333333,0.08186925,0.08753375,0.092425,0.088506,0.08397925,0.083314,0.1126515,0.148945,3,44.79613244,-83.53979471
"10353",0.187415,0.1970225,0.1360225,0.103268666666667,0.08186925,0.08753375,0.092425,0.088506,0.08397925,0.083314,0.1121565,0.14322,3,44.47166656,-90.79984452
"10406",0.214716666666667,0.2256875,0.1476075,0.103268666666667,0.08186925,0.08753375,0.092425,0.088506,0.08397925,0.083314,0.112404,0.1446775,3,44.70300325,-85.46069672
"10411",0.218815,0.2256875,0.160755,0.103268666666667,0.08186925,0.08753375,0.092425,0.088506,0.08397925,0.083314,0.112294,0.14251,3,44.71176207,-84.95525522
"10420",0.1944125,0.18565,0.13805,0.103268666666667,0.08186925,0.08753375,0.092425,0.088506,0.08397925,0.083314,0.1132615,0.14471,3,44.72183351,-84.04514713
"10422",0.201185,0.2213925,0.1349925,0.103268666666667,0.08186925,0.08753375,0.092425,0.088506,0.08397925,0.083314,0.113124,0.144665,3,44.72307702,-83.84286493
"10423",0.1979475,0.2250475,0.1307475,0.103278666666667,0.08186925,0.08753375,0.092425,0.088506,0.08397925,0.083314,0.1122615,0.147895,3,44.72356312,-83.74172084
"10425",0.2009525,0.22323,0.1401,0.105128666666667,0.08186925,0.08753375,0.092425,0.088506,0.08397925,0.083314,0.112999,0.1453375,3,44.72426402,-83.53942831
"10496",0.181915,0.201365,0.13542,0.103268666666667,0.08186925,0.08753375,0.092425,0.088506,0.08397925,0.083314,0.112239,0.1476725,3,44.41339344,-90.59009347
"10497",0.184595,0.2097425,0.136405,0.103268666666667,0.08186925,0.08753375,0.092425,0.088506,0.08397925,0.083314,0.1121515,0.143245,3,44.41990495,-90.48990087
"10543",0.220785,0.2256875,0.1511425,0.103328666666667,0.08186925,0.08753375,0.092425,0.088506,0.08397925,0.083314,0.112524,0.1448025,3,44.62253579,-85.86164004
"10552",0.217145,0.22566,0.15415,0.103268666666667,0.08186925,0.08753375,0.092425,0.088506,0.08397925,0.083314,0.112959,0.1487925,3,44.63990658,-84.95311097
"10559",0.2025475,0.20956,0.13021,0.103268666666667,0.08186925,0.08753375,0.092425,0.088506,0.08397925,0.083314,0.1137015,0.146225,3,44.64836245,-84.24616408
"10560",0.1915175,0.18831,0.13628,0.103268666666667,0.08186925,0.08753375,0.092425,0.088506,0.08397925,0.083314,0.1125615,0.14488,3,44.64920923,-84.14515652
"10561",0.1821525,0.1762575,0.131325,0.103268666666667,0.08186925,0.08753375,0.092425,0.088506,0.08397925,0.083314,0.112579,0.145635,3,44.6499657,-84.04414612
"10562",0.18488,0.185615,0.125215,0.103268666666667,0.08186925,0.08753375,0.092425,0.088506,0.08397925,0.083314,0.112569,0.1455275,3,44.65063186,-83.94313322
"10563",0.19368,0.19562,0.1243225,0.103272,0.08186925,0.08753375,0.092425,0.088506,0.08397925,0.083314,0.112179,0.145425,3,44.65120769,-83.84211811
"10564",0.198683333333333,0.22042,0.12671,0.103302,0.08186925,0.08753375,0.092425,0.088506,0.08397925,0.083314,0.112159,0.1457475,3,44.6516932,-83.74110114
"10565",0.197645,0.2109325,0.13683,0.104155333333333,0.08186925,0.08753375,0.092425,0.088506,0.08397925,0.083314,0.112639,0.145685,3,44.65208839,-83.64008261
"10688",0.2107825,0.22537,0.147365,0.103268666666667,0.08186925,0.08753375,0.092425,0.088506,0.08397925,0.083314,0.112399,0.143275,3,44.55931111,-85.45514622
"10692",0.2141175,0.223275,0.1522775,0.103268666666667,0.08186925,0.08753375,0.092425,0.088506,0.08397925,0.083314,0.1128715,0.1458475,3,44.56648136,-85.05181891
"10696",0.205405,0.2228425,0.13271,0.103268666666667,0.08186925,0.08753375,0.092425,0.088506,0.08397925,0.083314,0.112209,0.14344,3,44.57220917,-84.64840076
"10700",0.1961075,0.2087425,0.136545,0.103268666666667,0.08186925,0.08753375,0.092425,0.088506,0.08397925,0.083314,0.112619,0.1434575,3,44.57649412,-84.24491208
"10707",0.1984725,0.2166075,0.1377525,0.103295333333333,0.08186925,0.08753375,0.092425,0.088506,0.08397925,0.083314,0.1131915,0.1441225,3,44.58052,-83.53869828
"10775",0.185525,0.1847275,0.1280975,0.103268666666667,0.08186925,0.08753375,0.092425,0.088506,0.08397925,0.083314,0.112309,0.147655,3,44.2502013,-90.87148705
"10776",0.1834825,0.18546,0.1232,0.103268666666667,0.08186925,0.08753375,0.092425,0.088506,0.08397925,0.083314,0.112239,0.1433675,3,44.25696415,-90.77161056
"10782",0.18645,0.22561,0.1372675,0.103268666666667,0.08186925,0.08753375,0.092425,0.088506,0.08397925,0.083314,0.112339,0.144745,3,44.29567181,-90.17187281
"10783",0.186355,0.225095,0.138485,0.103268666666667,0.08186925,0.08753375,0.092425,0.088506,0.08397925,0.083314,0.1127915,0.14533,3,44.30181125,-90.07183953
"10835",0.199435,0.197565,0.14142,0.103622,0.08186925,0.08753375,0.092425,0.088506,0.08397925,0.083314,0.112914,0.1458725,3,44.49766315,-84.84811274
"10836",0.216625,0.22501,0.1558275,0.105348666666667,0.08186925,0.08753375,0.092425,0.088506,0.08397925,0.083314,0.1131115,0.1468225,3,44.49904834,-84.74738186
"10841",0.218125,0.225105,0.1458125,0.103268666666667,0.08186925,0.08753375,0.092425,0.088506,0.08397925,0.083314,0.112204,0.1429475,3,44.50462319,-84.24366321
"10844",0.1931975,0.2092375,0.1332325,0.103268666666667,0.08186925,0.08753375,0.092425,0.088506,0.08397925,0.083314,0.1124865,0.14537,3,44.50688707,-83.94139196
"10922",0.1849375,0.2189075,0.1338375,0.103268666666667,0.08186925,0.08753375,0.092425,0.088506,0.08397925,0.083314,0.1124115,0.1446225,3,44.21782932,-90.2631355
"10923",0.187185,0.222295,0.1355125,0.103268666666667,0.08186925,0.08753375,0.092425,0.088506,0.08397925,0.083314,0.1123965,0.1459375,3,44.22405043,-90.16324706
"10972",0.214225,0.22421,0.1553975,0.103268666666667,0.08186925,0.08753375,0.092425,0.088506,0.08397925,0.083314,0.1132315,0.1463325,3,44.41936454,-85.24847674
"10973",0.21485,0.2256875,0.1541425,0.103268666666667,0.08186925,0.08753375,0.092425,0.088506,0.08397925,0.083314,0.1133315,0.144275,3,44.42110779,-85.1478938
"10982",0.21576,0.2256875,0.1435625,0.103268666666667,0.08186925,0.08753375,0.092425,0.088506,0.08397925,0.083314,0.1125515,0.1426675,3,44.43274956,-84.24241747
"11063",0.18177,0.2052475,0.1344875,0.103268666666667,0.08186925,0.08753375,0.092425,0.088506,0.08397925,0.083314,0.112304,0.145165,3,44.14621165,-90.25440812
"11119",0.2134275,0.22363,0.14038,0.103268666666667,0.08186925,0.08753375,0.092425,0.088506,0.08397925,0.083314,0.112734,0.144315,3,44.35660376,-84.64315049
"11120",0.215865,0.22565,0.1422575,0.103268666666667,0.08186925,0.08753375,0.092425,0.088506,0.08397925,0.083314,0.1127365,0.143975,3,44.35780589,-84.54266233
"11121",0.21666,0.22567,0.144945,0.103268666666667,0.08186925,0.08753375,0.092425,0.088506,0.08397925,0.083314,0.1124115,0.143325,3,44.35891817,-84.44217013
"11122",0.21182,0.225665,0.143085,0.103268666666667,0.08186925,0.08753375,0.092425,0.088506,0.08397925,0.083314,0.1122915,0.14259,3,44.35994058,-84.34167419
"11130",0.202785,0.21662,0.1398575,0.103398666666667,0.08186925,0.08753375,0.092425,0.088506,0.08397925,0.083314,0.114764,0.15125,3,44.36488436,-83.53761007
"11244",0.20786,0.1946225,0.131645,0.103268666666667,0.08186925,0.08753375,0.092425,0.088506,0.08397925,0.083314,0.112194,0.1456625,3,44.25331849,-86.24640975
"11246",0.211396666666667,0.2230475,0.1248925,0.103268666666667,0.08186925,0.08753375,0.092425,0.088506,0.08397925,0.083314,0.112164,0.14569,3,44.25850018,-86.04588916
"11247",0.201835,0.2256875,0.1271775,0.103268666666667,0.08186925,0.08753375,0.092425,0.088506,0.08397925,0.083314,0.1121565,0.145625,3,44.26095659,-85.94561565
"11257",0.2142725,0.2229075,0.141795,0.103268666666667,0.08186925,0.08753375,0.092425,0.088506,0.08397925,0.083314,0.112444,0.14496,3,44.28058909,-84.94247
"11259",0.20971,0.22566,0.13951,0.103268666666667,0.08186925,0.08753375,0.092425,0.088506,0.08397925,0.083314,0.1124365,0.14589,3,44.28343914,-84.74176752
"11261",0.2154925,0.2256875,0.146215,0.103268666666667,0.08186925,0.08753375,0.092425,0.088506,0.08397925,0.083314,0.112319,0.1447275,3,44.28593024,-84.54104642
"11262",0.2199,0.2256875,0.1458625,0.103268666666667,0.08186925,0.08753375,0.092425,0.088506,0.08397925,0.083314,0.112389,0.14259,3,44.28704117,-84.44067967
"11265",0.21177,0.2224525,0.1406725,0.103268666666667,0.08186925,0.08753375,0.092425,0.088506,0.08397925,0.083314,0.1146915,0.14707,3,44.28983543,-84.13955835
"11269",0.2115825,0.2207175,0.1388275,0.103268666666667,0.08186925,0.08753375,0.092425,0.088506,0.08397925,0.083314,0.1134115,0.1470975,3,44.29230435,-83.73802582
"11388",0.21714,0.2256875,0.1245675,0.103268666666667,0.08186925,0.08753375,0.092425,0.088506,0.08397925,0.083314,0.1121815,0.14571,3,44.18910797,-85.94225395
"11397",0.21403,0.2254025,0.1411025,0.103268666666667,0.08186925,0.08753375,0.092425,0.088506,0.08397925,0.083314,0.113424,0.147825,3,44.2071591,-85.04057616
"11398",0.20791,0.224815,0.1396325,0.103268666666667,0.08186925,0.08753375,0.092425,0.088506,0.08397925,0.083314,0.1122815,0.1462825,3,44.20871684,-84.94035773
"11401",0.21466,0.2256875,0.146825,0.103268666666667,0.08186925,0.08753375,0.092425,0.088506,0.08397925,0.083314,0.112159,0.14606,3,44.21285233,-84.63967214
"11406",0.2018175,0.2134625,0.131785,0.103268666666667,0.08186925,0.08753375,0.092425,0.088506,0.08397925,0.083314,0.1130215,0.143175,3,44.21795204,-84.1384471
"11409",0.213265,0.2184175,0.139275,0.103268666666667,0.08186925,0.08753375,0.092425,0.088506,0.08397925,0.083314,0.114469,0.1502825,3,44.219936,-83.83767636
"11529",0.205135,0.22548,0.12591,0.103268666666667,0.08186925,0.08753375,0.092425,0.088506,0.08397925,0.083314,0.112189,0.144195,3,44.1172561,-85.93890062
"11530",0.218485,0.22557,0.1329875,0.103268666666667,0.08186925,0.08753375,0.092425,0.088506,0.08397925,0.083314,0.112169,0.1451325,3,44.11961719,-85.83886804
"11670",0.21648,0.225535,0.1274775,0.103268666666667,0.08186925,0.08753375,0.092425,0.088506,0.08397925,0.083314,0.1121965,0.14561,3,44.04540088,-85.93555562
"11671",0.222296666666667,0.2256875,0.134175,0.103268666666667,0.08186925,0.08753375,0.092425,0.088506,0.08397925,0.083314,0.1121615,0.14581,3,44.04775915,-85.83564724
"11678",0.2095125,0.2256875,0.1373525,0.103268666666667,0.08186925,0.08753375,0.092425,0.088506,0.08397925,0.083314,0.1125465,0.1457225,3,44.06176535,-85.13608193
"11691",0.209675,0.206,0.136315,0.103268666666667,0.08186925,0.08753375,0.092425,0.088506,0.08397925,0.083314,0.113894,0.15024,3,44.07615501,-83.83621051
"11809",0.2083225,0.2248575,0.1294325,0.103268666666667,0.08186925,0.08753375,0.092425,0.088506,0.08397925,0.083314,0.112159,0.143855,3,43.96856369,-86.13176277
"11810",0.20746,0.2232825,0.12496,0.103268666666667,0.08186925,0.08753375,0.092425,0.088506,0.08397925,0.083314,0.1121565,0.1455825,3,43.97109755,-86.03199514
"11811",0.2004675,0.1928675,0.124425,0.103268666666667,0.08186925,0.08753375,0.092425,0.088506,0.08397925,0.083314,0.112179,0.14568,3,43.97354221,-85.93221893
"11812",0.224383333333333,0.225385,0.1305175,0.103268666666667,0.08186925,0.08753375,0.092425,0.088506,0.08397925,0.083314,0.112174,0.1456475,3,43.97589766,-85.83243445
"11813",0.21954,0.2256875,0.1402725,0.103268666666667,0.08186925,0.08753375,0.092425,0.088506,0.08397925,0.083314,0.1121565,0.1428575,3,43.97816388,-85.732642
"11819",0.2151075,0.2250125,0.137595,0.103268666666667,0.08186925,0.08753375,0.092425,0.088506,0.08397925,0.083314,0.112174,0.1455775,3,43.98988712,-85.13373716
"11827",0.2106225,0.19602,0.1335525,0.103268666666667,0.08186925,0.08753375,0.092425,0.088506,0.08397925,0.083314,0.1142515,0.149145,3,44.00051817,-84.33488312
"11951",0.217705,0.222665,0.13047,0.103268666666667,0.08186925,0.08753375,0.092425,0.088506,0.08397925,0.083314,0.1121965,0.1456375,3,43.89923822,-86.02854317
"11952",0.1918525,0.1906675,0.12465,0.103268666666667,0.08186925,0.08753375,0.092425,0.088506,0.08397925,0.083314,0.112164,0.1455025,3,43.90167997,-85.92889051
"11953",0.1929325,0.201125,0.124965,0.103268666666667,0.08186925,0.08753375,0.092425,0.088506,0.08397925,0.083314,0.1121565,0.14561,3,43.90403261,-85.82922962
"11968",0.2127575,0.1939925,0.134505,0.103268666666667,0.08186925,0.08753375,0.092425,0.088506,0.08397925,0.083314,0.113599,0.1520525,3,43.92862378,-84.33353501
"12092",0.21719,0.221745,0.12824,0.103268666666667,0.08186925,0.08753375,0.092425,0.088506,0.08397925,0.083314,0.112194,0.14565,3,43.82737523,-86.02509974
"12093",0.20946,0.2205825,0.123535,0.103268666666667,0.08186925,0.08753375,0.092425,0.088506,0.08397925,0.083314,0.1121565,0.14565,3,43.82981407,-85.92557034
"12094",0.2137875,0.22213,0.1301075,0.103268666666667,0.08186925,0.08753375,0.092425,0.088506,0.08397925,0.083314,0.112224,0.14541,3,43.83216392,-85.82603272
"12234",0.22023,0.2254475,0.1281625,0.103268666666667,0.08186925,0.08753375,0.092425,0.088506,0.08397925,0.083314,0.112159,0.1456125,3,43.75794441,-85.92225838
"12235",0.2074225,0.224355,0.1320925,0.103268666666667,0.08186925,0.08753375,0.092425,0.088506,0.08397925,0.083314,0.1123915,0.14559,3,43.76029147,-85.82284374
"12375",0.2211375,0.2256825,0.128225,0.103268666666667,0.08186925,0.08753375,0.092425,0.088506,0.08397925,0.083314,0.1122315,0.145485,3,43.68607088,-85.9189546
