"","mod.alb.jan","mod.alb.feb","mod.alb.mar","mod.alb.apr","mod.alb.may","mod.alb.jun","mod.alb.jul","mod.alb.aug","mod.alb.sep","mod.alb.oct","mod.alb.nov","mod.alb.dec","convert.code","Lat","Lon"
"2442",0.2666275,0.263255,0.2138525,0.13585,0.1326675,0.152355,0.14997,0.1466575,0.1386125,0.12494,0.122845,0.177695,3,48.35725278,-92.98071996
"2583",0.26801,0.263185,0.214405,0.136923333333333,0.132675,0.152395,0.150045,0.14661,0.1384675,0.124916666666667,0.1218775,0.1770625,3,48.28588314,-92.96769055
"2584",0.268305,0.2630625,0.2153025,0.137993333333333,0.1326925,0.1523925,0.15004,0.146655,0.1386075,0.124976666666667,0.1245025,0.17693,3,48.29450741,-92.86058443
"2851",0.2449225,0.2522375,0.2122925,0.133663333333333,0.13246,0.1525625,0.1503625,0.14581,0.1364175,0.12417,0.121255,0.1854775,3,48.01281242,-94.43351906
"2984",0.2654275,0.2656525,0.2128675,0.134253333333333,0.132395,0.1526975,0.1505725,0.1454,0.1355275,0.123843333333333,0.123705,0.1821375,3,47.85897277,-95.2666014
"3130",0.268035,0.26579,0.210215,0.133666666666667,0.1324325,0.1526825,0.15059,0.1455675,0.1358925,0.12402,0.1205125,0.18743,3,47.84019089,-94.7216976
"3266",0.26797,0.266835,0.213615,0.133786666666667,0.132395,0.1527925,0.150765,0.1453125,0.1353775,0.123836666666667,0.1205775,0.189675,3,47.71682754,-95.23480103
"3273",0.2680275,0.2654,0.2104475,0.133623333333333,0.132455,0.1527075,0.150655,0.14561,0.135995,0.12409,0.1216175,0.178785,3,47.78928153,-94.4948957
"3737",0.23086,0.258135,0.215905,0.139623333333333,0.13342,0.15272,0.1507675,0.14721,0.1408175,0.126353333333333,0.12138,0.1824075,3,47.90609305,-90.09901174
"3876",0.250945,0.2511725,0.2133675,0.139163333333333,0.13336,0.1527575,0.1508475,0.147125,0.1404525,0.126193333333333,0.1219875,0.1843225,3,47.8220684,-90.30303243
"3877",0.24064,0.2431025,0.2130475,0.138486666666667,0.1333925,0.15276,0.150855,0.14715,0.140575,0.12626,0.1212,0.1768525,3,47.82832074,-90.19648136
"3968",0.26758,0.26771,0.212855,0.136483333333333,0.132385,0.1530875,0.1513075,0.1450575,0.1349625,0.12376,0.1215875,0.1878975,3,47.32923249,-95.4704944
"3969",0.2677525,0.267465,0.2139425,0.136013333333333,0.1323875,0.1530675,0.1512925,0.1450775,0.1349975,0.123783333333333,0.12231,0.18217,3,47.34007032,-95.36571306
"3970",0.2673475,0.26723,0.2134775,0.137796666666667,0.132395,0.1530525,0.151275,0.145105,0.1350325,0.12381,0.125215,0.180865,3,47.35081556,-95.26089021
"4109",0.2677175,0.2677675,0.21247,0.138383333333333,0.1323875,0.153135,0.151405,0.1450375,0.134935,0.123763333333333,0.124755,0.1883925,3,47.25820311,-95.4544624
"4110",0.266875,0.26752,0.2129725,0.138253333333333,0.1323925,0.15312,0.1513875,0.1450525,0.1349675,0.123796666666667,0.12386,0.1896325,3,47.26902657,-95.3498143
"4111",0.2656025,0.267205,0.2133075,0.13821,0.1324025,0.1531025,0.15137,0.145075,0.135,0.12382,0.124235,0.18262,3,47.27975755,-95.24512486
"4112",0.26546,0.2668825,0.21273,0.138126666666667,0.13241,0.153085,0.1513575,0.1451025,0.13504,0.123843333333333,0.12176,0.183325,3,47.29039601,-95.14039439
"4152",0.2516075,0.258155,0.215535,0.138796666666667,0.1331975,0.152825,0.1510175,0.1468375,0.13939,0.125743333333333,0.1200475,0.166015,3,47.63948005,-90.9214318
"4250",0.2671275,0.267835,0.2137875,0.138273333333333,0.1323925,0.153185,0.1515,0.1450175,0.1349175,0.123776666666667,0.1230475,0.1876125,3,47.18717322,-95.43847207
"4253",0.26463,0.2655075,0.21256,0.137476666666667,0.132415,0.153135,0.151455,0.1450725,0.1350025,0.123856666666667,0.121215,0.1813575,3,47.21932351,-95.12480329
"4292",0.26138,0.2576125,0.216825,0.139153333333333,0.133175,0.1528625,0.151105,0.1467475,0.13909,0.125633333333333,0.1204775,0.184296666666667,3,47.56105304,-91.01723863
"4390",0.2677825,0.2681625,0.2125325,0.138236666666667,0.13239,0.1532475,0.15161,0.1449925,0.134895,0.123773333333333,0.1230675,0.1881475,3,47.10525563,-95.5268645
"4391",0.2677525,0.2679025,0.21328,0.13827,0.1323975,0.1532325,0.151595,0.1450025,0.1349075,0.123796666666667,0.12361,0.1922225,3,47.1161427,-95.42252327
"4394",0.266755,0.267145,0.2136775,0.13805,0.13242,0.153185,0.1515475,0.1450475,0.1349775,0.123863333333333,0.11989,0.18213,3,47.14825055,-95.10925272
"4395",0.2664025,0.2669025,0.2128525,0.137023333333333,0.13243,0.1531675,0.1515325,0.1450675,0.13501,0.12389,0.1219075,0.1791625,3,47.15876853,-95.00474802
"4396",0.265505,0.26667,0.211285,0.136926666666667,0.1324425,0.1531525,0.15152,0.1450925,0.1350475,0.12392,0.1209975,0.1786525,3,47.1691941,-94.90020327
"4405",0.2418575,0.2414575,0.19478,0.136043333333333,0.132565,0.153035,0.1514,0.1454,0.1356375,0.124196666666667,0.120045,0.1751525,3,47.25885718,-93.95755334
"4431",0.2640375,0.2598875,0.21853,0.13908,0.133125,0.1529,0.1511975,0.1466075,0.1386575,0.125473333333333,0.121705,0.1843275,3,47.47548512,-91.21852909
"4537",0.263905,0.266725,0.2122725,0.137816666666667,0.132445,0.1532025,0.1516125,0.145065,0.135015,0.12393,0.1240925,0.18295,3,47.09809294,-94.8849587
"4538",0.260065,0.266485,0.20947,0.137356666666667,0.1324575,0.1531875,0.1516,0.1450875,0.13505,0.123953333333333,0.1202575,0.1772325,3,47.10841241,-94.78050727
"4675",0.265805,0.2675025,0.212915,0.138116666666667,0.1324275,0.1532975,0.1517475,0.145,0.134925,0.123873333333333,0.1240325,0.186925,3,46.99552036,-95.18247207
"4680",0.2587425,0.2653825,0.213125,0.13724,0.13248,0.1532225,0.1516775,0.145085,0.135055,0.12399,0.1239525,0.1833425,3,47.04751069,-94.66107717
"4687",0.23405,0.2608975,0.2028925,0.134956666666667,0.13258,0.1531275,0.15159,0.14531,0.1354775,0.124193333333333,0.11984,0.17153,3,47.11641755,-93.92950621
"4710",0.2554325,0.2604625,0.2128025,0.13713,0.13306,0.15298,0.1513975,0.1463525,0.1379675,0.125226666666667,0.11953,0.182016666666667,3,47.31076287,-91.51383509
"4814",0.264345,0.266835,0.2132075,0.135976666666667,0.1324175,0.15338,0.15187,0.14498,0.1349225,0.12386,0.1253625,0.1832525,3,46.90304628,-95.37492439
"4850",0.2380975,0.260735,0.21578,0.138703333333333,0.1330425,0.15302,0.1514925,0.1462475,0.1376975,0.125143333333333,0.11916,0.184846666666667,3,47.23187217,-91.60821122
"4851",0.2485475,0.2569025,0.2144675,0.13864,0.1330675,0.15302,0.1514875,0.146295,0.1378275,0.1252,0.1193975,0.16095,3,47.23928502,-91.50297427
"4884",0.26934,0.261485,0.228285,0.142213333333333,0.1341425,0.153095,0.1516275,0.147085,0.1412425,0.1274,0.12353,0.20538,3,47.43120567,-88.0163367
"4990",0.225095,0.2527475,0.21383,0.135553333333333,0.13303,0.1530625,0.15159,0.1461425,0.137445,0.12507,0.12004,0.181225,3,47.1529084,-91.70231486
"4991",0.2493075,0.2580625,0.2140125,0.1383,0.133055,0.1530625,0.151585,0.14619,0.1375725,0.125126666666667,0.120465,0.1669125,3,47.16040482,-91.59724268
"5104",0.265835,0.26623,0.2118375,0.136366666666667,0.13252,0.1533525,0.151935,0.145035,0.13501,0.12406,0.12242,0.186415,3,46.84420185,-94.51249124
"5109",0.2651725,0.2650125,0.2079,0.13354,0.1325925,0.1532825,0.15187,0.1451575,0.1352175,0.12418,0.1199625,0.1754825,3,46.89322759,-93.99193071
"5243",0.26706,0.2667325,0.211285,0.13413,0.1325075,0.15343,0.1520475,0.1449925,0.1349625,0.124036666666667,0.122665,0.1859225,3,46.75282833,-94.70553503
"5390",0.26525,0.265365,0.2080225,0.136316666666667,0.132605,0.15339,0.1520575,0.1450725,0.13509,0.124176666666667,0.12291,0.1844825,3,46.74121319,-94.06790246
"5530",0.2660125,0.26567,0.209415,0.135736666666667,0.1326,0.1534525,0.15215,0.1450275,0.135035,0.124183333333333,0.12275,0.184745,3,46.66034004,-94.15760353
"5559",0.24785,0.259315,0.21338,0.135266666666667,0.1331975,0.15321,0.1519125,0.146145,0.137535,0.125263333333333,0.1192425,0.14629,3,46.90343695,-91.13524889
"5671",0.2670125,0.26575,0.2120725,0.136346666666667,0.13261,0.1534975,0.152235,0.145015,0.1350225,0.124203333333333,0.122505,0.1878925,3,46.5891535,-94.14345595
"5701",0.224545,0.2565725,0.2148025,0.13236,0.133235,0.1532475,0.1519925,0.1461325,0.137525,0.125296666666667,0.11909,0.15066,3,46.83891556,-91.02042635
"5812",0.2665975,0.265825,0.20977,0.13647,0.1326275,0.153545,0.1523175,0.145,0.1350225,0.12423,0.1216925,0.1858,3,46.5179658,-94.12934479
"5836",0.2519575,0.260385,0.2115775,0.133003333333333,0.1330875,0.1533025,0.1520975,0.14581,0.136685,0.124973333333333,0.1202675,0.153535,3,46.72416957,-91.63629239
"5842",0.230635,0.2584275,0.2135125,0.132936666666667,0.133245,0.1532875,0.1520725,0.14608,0.1373975,0.125276666666667,0.11954,0.14778,3,46.76740244,-91.01029935
"5843",NA,NA,NA,NA,0.1332725,0.1532875,0.1520675,0.1461225,0.1375175,NA,NA,NA,3,46.77428302,-90.90587322
"5949",0.265685,0.26501,0.20809,0.135063333333333,0.132595,0.153655,0.15245,0.1449875,0.1350575,0.124213333333333,0.1235775,0.1853825,3,46.40731205,-94.52834808
"5968",0.25881,0.2615925,0.2121675,0.132546666666667,0.1328975,0.15341,0.15224,0.14538,0.1357,0.124606666666667,0.122005,0.181055,3,46.5817039,-92.56124622
"5970",0.2497925,0.25771,0.2042025,0.132366666666667,0.13294,0.15339,0.1522225,0.1454575,0.135875,0.12468,0.1224925,0.1561325,3,46.59813008,-92.35348784
"5979",0.2595175,0.260195,0.2129325,0.132956666666667,0.1331475,0.1533375,0.152165,0.1458425,0.1367875,0.125053333333333,0.1202025,0.160485,3,46.66747564,-91.41710105
"5980",0.268273333333333,0.260035,0.211075,0.132903333333333,0.133175,0.1533325,0.15216,0.14589,0.1369075,0.125106666666667,0.1193075,0.178225,3,46.67471809,-91.3129159
"5981",0.265876666666667,0.259885,0.21334,0.132093333333333,0.1332075,0.1533325,0.1521575,0.145935,0.1370325,0.12516,0.11941,0.17529,3,46.68186787,-91.20870355
"5982",0.2630775,0.25974,0.21347,0.132453333333333,0.133235,0.15333,0.1521525,0.14598,0.137155,0.125216666666667,0.1207425,0.1637225,3,46.68892495,-91.10446435
"6110",0.20404,0.24731,0.195975,0.13239,0.13293,0.153445,0.15231,0.145375,0.1357,0.124646666666667,0.1224325,0.1482025,3,46.51858768,-92.44544457
"6118",0.248395,0.2601075,0.203375,0.13212,0.1331125,0.1533875,0.152255,0.1457025,0.13646,0.12496,0.11966,0.1501425,3,46.58125593,-91.61451264
"6120",0.258165,0.26016,0.21298,0.132473333333333,0.13316,0.1533775,0.1522425,0.1457925,0.136675,0.125046666666667,0.1193825,0.15295,3,46.59599942,-91.40649193
"6121",0.257175,0.25995,0.211135,0.132136666666667,0.133185,0.1533725,0.1522375,0.1458375,0.1367825,0.12509,0.1193975,0.1583525,3,46.60323242,-91.30244026
"6122",0.265673333333333,0.259845,0.2111475,0.132646666666667,0.133215,0.1533725,0.152235,0.1458825,0.136905,0.125146666666667,0.12156,0.1687,3,46.61037288,-91.19836151
"6123",0.264905,0.2596975,0.21144,0.13241,0.1332425,0.1533675,0.15223,0.145925,0.1370275,0.1252,0.1234675,0.1793975,3,46.61742076,-91.094256
"6145",0.2292175,0.1966075,0.1843725,0.13209,0.1339825,0.1534025,0.1522075,0.1466225,0.13963,0.12674,0.1220225,0.1537025,3,46.74898385,-88.79785839
"6146",0.2132025,0.2275375,0.1878275,0.13227,0.1340175,0.1534,0.1522125,0.1466225,0.139695,0.126833333333333,0.12094,0.155785,3,46.75389346,-88.69323219
"6148",0.241335,0.2534025,0.2072475,0.132426666666667,0.134085,0.1534075,0.1522275,0.1466125,0.13982,0.127003333333333,0.123605,0.1845975,3,46.76343271,-88.48392469
"6254",0.254775,0.26086,0.2094275,0.13232,0.1330075,0.15346,0.152365,0.1454525,0.1358675,0.124756666666667,0.122965,0.177505,3,46.47137273,-92.12255608
"6258",0.2416025,0.256545,0.194175,0.132126666666667,0.1331,0.153435,0.1523375,0.145615,0.136245,0.124903333333333,0.119685,0.15454,3,46.5022978,-91.70750053
"6259",0.2570575,0.2597475,0.1965975,0.1322,0.1331225,0.15343,0.15233,0.145655,0.136345,0.124946666666667,0.1219575,0.15717,3,46.50979847,-91.60366498
"6260",0.262445,0.2603,0.2076675,0.132103333333333,0.1331475,0.1534225,0.152325,0.1456975,0.136455,0.124996666666667,0.1205725,0.1558575,3,46.51720681,-91.49980144
"6262",0.243675,0.259965,0.2107125,0.132756666666667,0.1331975,0.1534125,0.152315,0.145785,0.13667,0.125083333333333,0.120265,0.1522,3,46.5317464,-91.29199172
"6279",0.2658825,0.2584,0.21389,0.136643333333333,0.1337475,0.153425,0.1522675,0.1464775,0.1387975,0.126133333333333,0.1202825,0.1795675,3,46.64037821,-89.52152494
"6281",0.268813333333333,0.25854,0.212075,0.133433333333333,0.1338175,0.1534275,0.152265,0.1465275,0.139035,0.126293333333333,0.118583333333333,0.1892,3,46.65139476,-89.31279962
"6282",0.2614775,0.2584625,0.2086275,0.133306666666667,0.133855,0.1534325,0.152265,0.146545,0.13915,0.12638,0.121755,0.182155,3,46.65676349,-89.20840606
"6403",0.25407,0.2593875,0.20617,0.131933333333333,0.1332125,0.153455,0.1523875,0.1457375,0.13656,0.12508,0.11926,0.1513075,3,46.46025991,-91.28157017
"6408",0.245323333333333,0.2591825,0.1852675,0.131813333333333,0.1333575,0.1534475,0.1523675,0.1459525,0.13714,0.12533,0.119165,0.156715,3,46.49494569,-90.76224513
"6409",0.2099825,0.237755,0.1911675,0.131786666666667,0.1333875,0.153445,0.1523625,0.145995,0.137255,0.125383333333333,0.12026,0.1683,3,46.50160552,-90.65830319
"6539",0.2629175,0.260995,0.192275,0.132013333333333,0.1331,0.1535275,0.1524975,0.14548,0.135955,0.124873333333333,0.1216175,0.179405,3,46.35182711,-91.78916721
"6540",0.2632075,0.2607925,0.191015,0.132003333333333,0.1331225,0.15352,0.1524875,0.14552,0.13605,0.124906666666667,0.1201,0.1694275,3,46.35940043,-91.68562443
"6542",0.25661,0.2584075,0.19532,0.131926666666667,0.1331725,0.1535075,0.152475,0.1456025,0.1362425,0.12499,0.119055,0.1562975,3,46.37427088,-91.47845485
"6547",0.262945,0.25943,0.19373,0.13179,0.1333075,0.1534875,0.15245,0.145815,0.13678,0.12521,0.12105,0.156275,3,46.40983423,-90.96005646
"6568",0.2518525,0.2464075,0.1975075,0.13269,0.134025,0.1535175,0.1524025,0.146465,0.1392675,0.126743333333333,0.1238275,0.184146666666667,3,46.53395567,-88.77624079
"6665",0.2669075,0.264505,0.2053425,0.132526666666667,0.13283,0.1537275,0.1527125,0.14502,0.135145,0.12454,0.1209675,0.17847,3,46.15592781,-93.32572174
"6678",0.2541925,0.256935,0.2050275,0.13215,0.133065,0.1535875,0.152585,0.1453625,0.1357025,0.12481,0.1203275,0.1805525,3,46.26498419,-91.98487648
"6679",0.2628275,0.2605875,0.198675,0.132243333333333,0.1330925,0.1535775,0.1525775,0.1453975,0.135785,0.124843333333333,0.1213625,0.1803325,3,46.27273151,-91.88152241
"6683",0.236995,0.252665,0.1867325,0.131873333333333,0.1331875,0.1535525,0.15255,0.1455575,0.1361425,0.124993333333333,0.1188775,0.150715,3,46.30280182,-91.46782278
"6817",0.256565,0.25892,0.200235,0.132286666666667,0.13304,0.1536475,0.152675,0.1452575,0.1355,0.12477,0.120015,0.1714475,3,46.17781302,-92.17997366
"6834",0.26826,0.258595,0.210045,0.13165,0.1334875,0.15357,0.1525675,0.14593,0.1371325,0.12546,0.119,0.201295,3,46.29997361,-90.42242346
"6845",0.25159,0.2542275,0.2014575,0.133166666666667,0.13388,0.15359,0.1525225,0.1463225,0.1385375,0.12626,0.12049,0.1710225,3,46.36482569,-89.2814024
"6956",0.25399,0.261285,0.2009775,0.133076666666667,0.133015,0.15371,0.1527675,0.1451675,0.1353525,0.12475,0.12201,0.1773475,3,46.09031493,-92.37445933
"6957",0.2502825,0.253525,0.1996375,0.133006666666667,0.1330325,0.1537025,0.1527575,0.145195,0.1354025,0.12477,0.12094,0.175815,3,46.09840854,-92.27148431
"6958",0.2455575,0.23736,0.1915275,0.13224,0.133055,0.1536925,0.1527525,0.145225,0.13545,0.12479,0.11949,0.1704525,3,46.10641067,-92.16847954
"6959",0.246755,0.2368225,0.19211,0.132033333333333,0.1330725,0.1536825,0.15274,0.145255,0.1355075,0.124813333333333,0.1194525,0.1720975,3,46.11432129,-92.06544535
"6960",0.2642775,0.2615475,0.200135,0.13199,0.1330975,0.1536725,0.1527325,0.1452875,0.13557,0.124843333333333,0.1194975,0.18051,3,46.12214034,-91.96238205
"6986",0.25194,0.25212,0.1932375,0.132476666666667,0.1338925,0.1536275,0.1525825,0.146275,0.13842,0.126256666666667,0.1219425,0.177286666666667,3,46.29318289,-89.27360373
"6994",0.261653333333333,0.2588325,0.2125125,0.131753333333333,0.1341525,0.15363,0.1525975,0.1462825,0.1390975,0.127066666666667,0.1225525,0.18853,3,46.33326404,-88.4432794
"6999",0.25582,0.25766,0.2136875,0.1341,0.1343,0.1536375,0.152655,0.1462525,0.13931,0.127426666666667,0.1235375,0.180025,3,46.35530476,-87.92375105
"7001",0.2533025,0.258705,0.2141925,0.136576666666667,0.13435,0.1536425,0.1526825,0.146245,0.1393725,0.127493333333333,0.1238475,0.1579325,3,46.36347194,-87.71582773
"7028",0.2415725,0.25058,0.21371,0.138946666666667,0.1354025,0.1539425,0.1532475,0.1461625,0.1402825,0.12721,0.124085,0.1633075,3,46.43734544,-84.90413435
"7094",0.243855,0.256715,0.1875525,0.13229,0.1329825,0.15379,0.152875,0.14508,0.1352475,0.124736666666667,0.12224,0.1721525,3,45.99413409,-92.67108821
"7096",0.25486,0.25985,0.19355,0.132393333333333,0.1330175,0.15377,0.1528525,0.1451175,0.135295,0.124763333333333,0.1227025,0.17854,3,46.01075714,-92.4655494
"7097",0.25692,0.2617125,0.201375,0.132973333333333,0.133035,0.1537575,0.1528425,0.145145,0.1353275,0.12478,0.122365,0.178875,3,46.01893175,-92.3627344
"7098",0.2511925,0.2597575,0.1983275,0.133066666666667,0.13305,0.1537475,0.1528325,0.14517,0.135365,0.1248,0.1207775,0.1783425,3,46.02701504,-92.25988945
"7099",0.2597375,0.2596125,0.2003275,0.13354,0.1330725,0.1537375,0.1528225,0.1451975,0.13541,0.124816666666667,0.12044,0.180895,3,46.03500696,-92.15701485
"7100",0.2487625,0.2461725,0.188775,0.131983333333333,0.13309,0.15373,0.152815,0.145225,0.13546,0.12484,0.1192,0.1701475,3,46.04290748,-92.05411095
"7101",0.261475,0.26057,0.192845,0.13216,0.13311,0.1537175,0.1528075,0.1452575,0.135515,0.124863333333333,0.1188325,0.1669125,3,46.05071655,-91.95117805
"7105",0.264055,0.25979,0.202785,0.132233333333333,0.1332025,0.15369,0.152775,0.1453925,0.13579,0.124976666666667,0.12071,0.1741225,3,46.08103766,-91.53916312
"7236",0.25148,0.25883,0.1893925,0.132376666666667,0.13302,0.1538275,0.1529375,0.145085,0.13527,0.12479,0.122145,0.17853,3,45.93112742,-92.55638
"7241",0.2620475,0.260995,0.199935,0.132926666666667,0.1331075,0.153775,0.1528875,0.1451975,0.1354225,0.12487,0.11965,0.1816475,3,45.97149225,-92.04280554
"7242",0.2643925,0.260745,0.1973225,0.132296666666667,0.1331275,0.1537625,0.1528775,0.1452275,0.13547,0.12489,0.1190825,0.1718475,3,45.97929137,-91.94000272
"7244",0.25979,0.260235,0.1945175,0.131976666666667,0.1331725,0.1537525,0.1528625,0.14529,0.135585,0.12494,0.1194525,0.1578225,3,45.99461548,-91.73431175
"7251",0.207215,0.233305,0.1885875,0.131513333333333,0.1333475,0.1537075,0.15281,0.1455425,0.136165,0.12518,0.1194725,0.150415,3,46.0453675,-91.01353156
"7277",0.2605775,0.257985,0.2127475,0.136296666666667,0.1341925,0.153705,0.152715,0.1461675,0.138915,0.127206666666667,0.1230675,0.1808625,3,46.19445542,-88.32626504
"7288",0.238745,0.22754,0.199185,0.135476666666667,0.13451,0.15375,0.1528825,0.1461275,0.139295,0.127576666666667,0.125695,0.17064,3,46.23874888,-87.18556302
"7375",0.24913,0.257735,0.1859375,0.132193333333333,0.1330175,0.153895,0.1530275,0.14505,0.135285,0.12483,0.1221425,0.17817,3,45.84299898,-92.74941696
"7380",0.25853,0.262125,0.1975075,0.13273,0.1330925,0.1538425,0.15298,0.1451275,0.135335,0.124873333333333,0.12076,0.181665,3,45.88422342,-92.23678851
"7381",0.261905,0.262215,0.1994975,0.13297,0.13311,0.15383,0.15297,0.1451525,0.1353625,0.12489,0.1206825,0.183715,3,45.89219504,-92.1341733
"7382",0.26291,0.26173,0.2008275,0.133293333333333,0.1331275,0.1538225,0.15296,0.145175,0.1353975,0.124906666666667,0.12036,0.184585,3,45.90007548,-92.031529
"7384",0.2660025,0.261165,0.201265,0.13476,0.133165,0.1538,0.15294,0.14523,0.13548,0.12494,0.11952,0.18504,3,45.91556266,-91.82615442
"7389",0.2657,0.259975,0.2090725,0.13158,0.1332825,0.15377,0.1529,0.1453925,0.13582,0.125086666666667,0.1212275,0.1867725,3,45.95268232,-91.31223155
"7407",0.2623275,0.2566725,0.2102175,0.131916666666667,0.1338675,0.1537425,0.152765,0.14609,0.13782,0.12608,0.122005,0.1852125,3,46.0673483,-89.45692002
"7424",0.1963175,0.21555,0.1834475,0.13192,0.1343625,0.15375,0.1528425,0.146095,0.139035,0.12754,0.1196275,0.1560125,3,46.14826914,-87.69854102
"7525",0.2647325,0.2613025,0.2064275,0.133156666666667,0.133185,0.1538475,0.15301,0.145205,0.135455,0.12498,0.119645,0.178845,3,45.84412461,-91.81516562
"7558",0.2503075,0.259705,0.2116875,0.13577,0.1341725,0.153775,0.152805,0.1460825,0.13867,0.127183333333333,0.1198125,0.1593725,3,46.04648157,-88.41653088
"7571",0.2443025,0.25814,0.203285,0.131846666666667,0.1345425,0.1538375,0.153,0.146035,0.1391125,0.127586666666667,0.1213525,0.153575,3,46.09869338,-87.07189587
"7582",0.25607,0.261805,0.2153825,0.13228,0.1349575,0.1539575,0.1531975,0.146035,0.1395525,0.1275,0.122345,0.173145,3,46.13067419,-85.93242259
"7679",0.2471775,0.2586825,0.2067525,0.131113333333333,0.1335525,0.153825,0.1529575,0.1456275,0.13642,0.125453333333333,0.1212475,0.1533325,3,45.86420475,-90.47002708
"7704",0.226865,0.246135,0.1998925,0.131616666666667,0.134305,0.1538125,0.152905,0.146005,0.138765,0.127533333333333,0.1198725,0.1572225,3,45.99668385,-87.89368223
"7797",0.2391625,0.2600375,0.184635,0.132203333333333,0.1331125,0.15404,0.1532425,0.145065,0.1354975,0.125056666666667,0.1193575,0.1740525,3,45.62046849,-92.81510696
"7845",0.20351,0.2605625,0.201355,0.131316666666667,0.134305,0.153845,0.1529475,0.14596,0.1386675,0.12756,0.1197725,0.15547,3,45.924958,-87.88771477
"7962",0.2431025,0.2585225,0.2051625,0.13093,0.133625,0.15391,0.1530625,0.1455975,0.1363625,0.12554,0.1209275,0.16653,3,45.72747285,-90.34901078
"7986",0.2207775,0.2578875,0.184395,0.13123,0.1343,0.1538775,0.152985,0.1459175,0.138575,0.127596666666667,0.11992,0.1576225,3,45.85323134,-87.88176261
"8123",0.2105175,0.25611,0.2063325,0.1309,0.134185,0.153895,0.1529725,0.1458925,0.1383425,0.127446666666667,0.12074,0.15291,3,45.76423457,-88.28724232
"8247",0.216685,0.2580975,0.2082,0.130633333333333,0.1337575,0.1539875,0.153135,0.145645,0.1365225,0.125753333333333,0.11962,0.1602575,3,45.60289189,-90.02389986
"8250",0.25238,0.2577475,0.2079175,0.130483333333333,0.133845,0.1539825,0.153095,0.145745,0.1368475,0.12594,0.1211625,0.1729575,3,45.62062864,-89.71671028
"8264",0.207185,0.2517175,0.201955,0.130803333333333,0.134175,0.153925,0.15301,0.1458425,0.1382525,0.127493333333333,0.119775,0.15233,3,45.69252781,-88.2807967
"8266",0.20091,0.2481175,0.1900375,0.131056666666667,0.1342275,0.1539275,0.15303,0.145835,0.1383275,0.127606666666667,0.1195375,0.155835,3,45.70133477,-88.07538189
"8267",0.20766,0.2545775,0.17936,0.130986666666667,0.1342525,0.15393,0.153045,0.1458325,0.138365,0.127636666666667,0.11934,0.1580575,3,45.70560078,-87.97265064
"8268",0.2193675,0.241,0.1822425,0.131043333333333,0.1342825,0.1539375,0.1530625,0.1458325,0.1383975,0.12766,0.11947,0.155885,3,45.70977511,-87.86990393
"8269",0.2288675,0.259445,0.1881725,0.131083333333333,0.13431,0.15394,0.153075,0.14583,0.138425,0.12767,0.119325,0.156275,3,45.71385773,-87.76714211
"8385",0.2243425,0.2586475,0.205825,0.130756666666667,0.1336925,0.1540375,0.153225,0.14551,0.1362025,0.125673333333333,0.119315,0.15142,3,45.51276276,-90.32186592
"8386",0.2249825,0.2584575,0.2077225,0.13069,0.13372,0.1540325,0.15321,0.1455475,0.1362825,0.12571,0.1197,0.154416666666667,3,45.5190318,-90.2196871
"8387",0.215935,0.2582875,0.2080075,0.130693333333333,0.133745,0.15403,0.1531975,0.14558,0.13637,0.125746666666667,0.1193975,0.1505475,3,45.52520984,-90.1174857
"8388",0.2182525,0.2581275,0.2073025,0.13057,0.133775,0.1540275,0.153185,0.145615,0.136465,0.125796666666667,0.1199325,0.1457825,3,45.53129683,-90.01526202
"8391",0.255665,0.25778,0.2070975,0.130403333333333,0.133855,0.1540225,0.1531425,0.14571,0.1367725,0.125983333333333,0.1221975,0.1800075,3,45.54901128,-89.70846062
"8404",0.208326666666667,0.2546675,0.188795,0.130683333333333,0.13413,0.1539525,0.15303,0.145805,0.1381275,0.127476666666667,0.11939,0.15166,3,45.61628463,-88.37691994
"8405",0.2082225,0.2537925,0.1960025,0.130706666666667,0.1341575,0.1539475,0.15304,0.1458,0.13817,0.12755,0.1193125,0.1516625,3,45.62081981,-88.27436752
"8409",0.2103425,0.2442375,0.1747925,0.13094,0.1342675,0.1539625,0.1530925,0.1457925,0.138315,0.127696666666667,0.1191675,0.15459,3,45.63804531,-87.86399731
"8526",0.2414675,0.25871,0.2069825,0.13071,0.133715,0.15408,0.1532775,0.1454875,0.13617,0.12573,0.119135,0.15988,3,45.44118915,-90.31286358
"8527",0.2510925,0.25852,0.2080725,0.13077,0.133745,0.154075,0.1532625,0.14552,0.1362475,0.125766666666667,0.1196325,0.1659425,3,45.44745034,-90.21081349
"8546",0.22086,0.25987,0.1867725,0.130613333333333,0.1341425,0.153975,0.15307,0.1457575,0.1380875,0.12761,0.1190875,0.15193,3,45.54911046,-88.26795473
"8547",0.2054575,0.2543,0.1849225,0.13067,0.13417,0.153975,0.15308,0.1457575,0.13813,0.12766,0.1192375,0.1529175,3,45.55354854,-88.16551615
"8665",0.222515,0.2518975,0.1960325,0.130806666666667,0.133705,0.1541275,0.1533525,0.1454075,0.1360325,0.125743333333333,0.1186775,0.1485175,3,45.35683459,-90.50765886
"8666",0.258445,0.2589775,0.205735,0.130736666666667,0.1337275,0.1541225,0.1533375,0.1454375,0.1360875,0.12577,0.11958,0.1755375,3,45.36326944,-90.40578299
"8667",0.2618275,0.2587925,0.2072725,0.130683333333333,0.13375,0.1541175,0.1533275,0.1454675,0.1361625,0.125806666666667,0.1201275,0.174205,3,45.36961357,-90.30388406
"8687",0.210435,0.2500025,0.18058,0.13051,0.13412,0.1539975,0.153095,0.145725,0.1380175,0.12767,0.119075,0.1530725,3,45.47739966,-88.26155827
"8688",0.20178,0.2465475,0.18778,0.130566666666667,0.134155,0.154005,0.1531075,0.1457225,0.138065,0.127716666666667,0.11909,0.1520225,3,45.48183216,-88.15924957
"8689",0.224245,0.256845,0.1974075,0.13063,0.13418,0.1540025,0.15312,0.1457175,0.1380925,0.12775,0.119115,0.14997,3,45.48617337,-88.05692494
"8691",0.2266025,0.25647,0.1899175,0.130736666666667,0.13424,0.1540175,0.1531525,0.14572,0.1381625,0.12778,0.1191425,0.15037,3,45.49458182,-87.85222918
"8804",0.22468,0.2577175,0.1918075,0.130923333333333,0.13371,0.154175,0.1534225,0.1453375,0.1359525,0.12579,0.11988,0.1668825,3,45.27214744,-90.70187188
"8806",0.2548375,0.256655,0.202875,0.13078,0.1337475,0.15417,0.1534,0.145395,0.13604,0.125826666666667,0.1188725,0.1719675,3,45.28527286,-90.49844617
"8807",0.262995,0.259075,0.20578,0.13071,0.1337675,0.154165,0.1533875,0.1454225,0.136105,0.12586,0.1192825,0.1793125,3,45.2916997,-90.39669821
"8826",0.2026375,0.2535825,0.19283,0.13029,0.134045,0.1540225,0.1531075,0.1456875,0.1378525,0.127603333333333,0.1190225,0.1517225,3,45.39655993,-88.45948742
"8827",0.1982475,0.2389575,0.1919925,0.130356666666667,0.13407,0.15402,0.15311,0.1456875,0.1379025,0.12768,0.11906,0.1519225,3,45.40116918,-88.357341
"8828",0.20879,0.25464,0.19387,0.13041,0.1341,0.15402,0.15312,0.145685,0.13795,0.127736666666667,0.11907,0.1512525,3,45.40568729,-88.25517806
"8829",0.21471,0.2585675,0.1925475,0.130463333333333,0.13413,0.154025,0.1531325,0.145685,0.1379925,0.12778,0.119075,0.1525075,3,45.41011423,-88.15299892
"8832",0.2234525,0.2589475,0.1848775,0.130633333333333,0.13422,0.1540425,0.15318,0.1456875,0.138095,0.127836666666667,0.1191275,0.15161,3,45.4228479,-87.84636757
"8865",0.25535,0.256285,0.2103825,0.134996666666667,0.1349075,0.1541,0.1534175,0.1459175,0.139845,0.1279,0.1209375,0.15731,3,45.5086252,-84.46653475
"8867",0.24679,0.2590325,0.210765,0.13509,0.1349075,0.1540975,0.15343,0.14594,0.139905,0.12784,0.121305,0.153975,3,45.51061916,-84.26143736
"8945",0.23712,0.2597625,0.19794,0.130906666666667,0.1337625,0.1542175,0.15347,0.1453325,0.1359925,0.125886666666667,0.11885,0.169205,3,45.20059977,-90.69242755
"8952",0.2312875,0.25844,0.20574,0.130386666666667,0.13388,0.154195,0.153375,0.1455175,0.1363725,0.126093333333333,0.119675,0.151725,3,45.24489778,-89.9809293
"8968",0.20859,0.251155,0.1904775,0.130256666666667,0.1340475,0.15404,0.153135,0.1456525,0.1378425,0.12776,0.1190325,0.1527075,3,45.32946078,-88.35084783
"9005",0.2457625,0.26132,0.20772,0.133923333333333,0.1348325,0.1541025,0.15341,0.145895,0.1397625,0.127993333333333,0.1222025,0.158755,3,45.43564906,-84.56739516
"9109",0.20247,0.1995075,0.17745,0.130163333333333,0.13402,0.15406,0.15316,0.14562,0.1377875,0.127853333333333,0.119025,0.152255,3,45.25775057,-88.34437111
"9110",0.1976975,0.2222025,0.1882975,0.13022,0.13405,0.15406,0.153165,0.14562,0.13783,0.127896666666667,0.119045,0.1513275,3,45.2622574,-88.24246619
"9146",0.24755,0.2625575,0.2063575,0.132206666666667,0.134755,0.1541,0.153405,0.14588,0.13971,0.128063333333333,0.119955,0.156185,3,45.36380608,-84.56571693
"9147",0.236453333333333,0.2584175,0.20245,0.132356666666667,0.13476,0.1540975,0.15341,0.1458925,0.139745,0.128036666666667,0.12207,0.15802,3,45.3649377,-84.46343492
"9248",0.194385,0.2111025,0.17206,0.13002,0.1339475,0.1540825,0.15318,0.145585,0.13763,0.127826666666667,0.1189875,0.150655,3,45.17676361,-88.54141426
"9291",0.249385,0.262665,0.205605,0.135393333333333,0.134685,0.1540875,0.153425,0.14591,0.13977,0.128006666666667,0.12094,0.1564325,3,45.2959346,-84.15541253
"9428",0.2485325,0.2619525,0.2052475,0.13181,0.134615,0.15409,0.15339,0.14585,0.1396075,0.128206666666667,0.1218175,0.1554475,3,45.22011576,-84.56237326
"9431",0.2517175,0.26087,0.19141,0.134366666666667,0.1346125,0.15409,0.15341,0.145885,0.1396875,0.128106666666667,0.12189,0.15358,3,45.22322853,-84.25629457
"9571",0.2495525,0.2538825,0.185415,0.131476666666667,0.13454,0.154085,0.1533975,0.1458575,0.139605,0.128213333333333,0.1208625,0.15415,3,45.15043188,-84.35691761
"9574",0.247815,0.2615475,0.20732,0.13521,0.13455,0.154085,0.1534225,0.145895,0.1396675,0.128103333333333,0.1200075,0.15718,3,45.15299424,-84.05120646
"9645",0.2129625,0.254655,0.1894925,0.131266666666667,0.13409,0.1544175,0.1537275,0.145265,0.13635,0.126423333333333,0.11908,0.1507175,3,44.8086796,-91.14991075
"9714",0.2351425,0.2482725,0.1928575,0.132213333333333,0.134485,0.15408,0.1534075,0.145865,0.1395825,0.128206666666667,0.119575,0.156005,3,45.08037699,-84.15196789
"9787",0.209705,0.253725,0.1736725,0.13119,0.1341925,0.154445,0.1537575,0.1452825,0.13644,0.12656,0.1187225,0.1539075,3,44.74415736,-91.03928562
"9788",0.222305,0.2601375,0.1830175,0.13111,0.1341975,0.1544425,0.153745,0.145295,0.1364325,0.126563333333333,0.1187125,0.1516975,3,44.75106744,-90.93856498
"9991",0.2498025,0.26286,0.2080875,0.13092,0.134345,0.1540675,0.153355,0.145775,0.13936,0.128536666666667,0.120285,0.1551175,3,44.93150065,-84.65723961
"9993",0.2497625,0.2629375,0.2085975,0.13115,0.1343525,0.1540675,0.153375,0.145795,0.1394025,0.128463333333333,0.1217475,0.1568575,3,44.93383779,-84.45422936
"9995",0.24568,0.2629525,0.19683,0.13114,0.1343675,0.154075,0.1533875,0.14582,0.1394375,0.128393333333333,0.1194225,0.1561625,3,44.93581196,-84.25120374
"9996",0.23474,0.2557825,0.17963,0.13116,0.134375,0.1540775,0.1533975,0.1458325,0.139455,0.12835,0.11938,0.15639,3,44.93666291,-84.14968596
"9997",0.25038,0.2631225,0.183555,0.13122,0.13438,0.1540775,0.153405,0.1458425,0.13947,0.12831,0.1193675,0.1561575,3,44.93742311,-84.04816531
"9998",0.2490775,0.2623175,0.1913075,0.131546666666667,0.13439,0.15408,0.1534175,0.1458575,0.13948,0.128266666666667,0.1201325,0.157055,3,44.93809254,-83.94664212
"10133",0.2503425,0.26253,0.20643,0.130856666666667,0.134295,0.15406,0.153355,0.1457675,0.13932,0.12858,0.1210975,0.156205,3,44.86085939,-84.55408786
"10136",0.245653333333333,0.2629575,0.2016075,0.13104,0.1343125,0.15407,0.15338,0.1458025,0.1393725,0.128463333333333,0.119815,0.155785,3,44.86395294,-84.24993906
"10137",0.238585,0.261505,0.189565,0.1311,0.13432,0.154075,0.1533925,0.145815,0.1393875,0.12842,0.1196075,0.1561775,3,44.86480284,-84.14854932
"10138",0.25023,0.26314,0.1938975,0.13116,0.134335,0.1540775,0.1534025,0.145825,0.1394025,0.12838,0.1196925,0.1563525,3,44.8655621,-84.04715671
"10141",0.239915,0.2504775,0.17448,0.131466666666667,0.1343675,0.1540925,0.1534325,0.145865,0.13943,0.12825,0.1206475,0.1579275,3,44.86729597,-83.74296495
"10142",0.2566325,0.2622325,0.2012425,0.134956666666667,0.1343825,0.154095,0.15344,0.1458775,0.139435,0.128203333333333,0.122135,0.155855,3,44.86769261,-83.64156412
"10212",0.2034125,0.24456,0.16776,0.131026666666667,0.1345125,0.15453,0.1538325,0.14533,0.136715,0.12699,0.1187375,0.15277,3,44.54322689,-90.80930285
"10271",0.2497075,0.2628025,0.2068875,0.130606666666667,0.13423,0.1540525,0.1533225,0.14572,0.1391975,0.128763333333333,0.1205425,0.154725,3,44.78509761,-84.85617182
"10274",0.2497675,0.26254,0.2060025,0.13079,0.134245,0.154055,0.15335,0.1457475,0.13926,0.12866,0.1210425,0.1561575,3,44.789002,-84.55244331
"10277",0.248405,0.262605,0.197415,0.13098,0.1342675,0.1540675,0.153375,0.145785,0.139305,0.128536666666667,0.12025,0.1555425,3,44.79209175,-84.24867756
"10279",0.249815,0.2629425,0.1924625,0.131103333333333,0.13429,0.1540775,0.1533975,0.1458075,0.13933,0.12845,0.1213475,0.1565825,3,44.79369894,-84.04615066
"10282",0.244853333333333,0.2622275,0.1697925,0.131503333333333,0.134325,0.15409,0.1534275,0.1458425,0.13935,0.128323333333333,0.119445,0.1571725,3,44.79543067,-83.74234211
"10283",0.2360825,0.24967,0.18589,0.13336,0.13434,0.1540975,0.1534375,0.145855,0.13936,0.128273333333333,0.120215,0.15941,3,44.79582683,-83.64106904
"10284",0.2500325,0.26307,0.1976475,0.135026666666667,0.134355,0.1541,0.15345,0.1458675,0.1393625,0.12823,0.1203975,0.16216,3,44.79613244,-83.53979471
"10353",0.1986975,0.24081,0.1675275,0.131023333333333,0.1346175,0.154555,0.15386,0.1453375,0.1368075,0.127136666666667,0.1187475,0.1530225,3,44.47166656,-90.79984452
"10406",0.243566666666667,0.2624525,0.19311,0.130206666666667,0.1341575,0.1540475,0.1532675,0.1456475,0.13896,0.12903,0.120055,0.1547125,3,44.70300325,-85.46069672
"10411",0.2618275,0.26277,0.2021875,0.130483333333333,0.134175,0.1540425,0.1533025,0.1456925,0.1391175,0.12888,0.119795,0.1540475,3,44.71176207,-84.95525522
"10420",0.22256,0.210665,0.1749375,0.131053333333333,0.1342525,0.1540725,0.1533925,0.145785,0.139255,0.128523333333333,0.1217675,0.1563725,3,44.72183351,-84.04514713
"10422",0.23609,0.2594575,0.16926,0.13118,0.1342775,0.154085,0.153415,0.1458075,0.13927,0.12844,0.12162,0.156185,3,44.72307702,-83.84286493
"10423",0.2220375,0.2629425,0.1635875,0.131253333333333,0.13429,0.1540875,0.153425,0.145825,0.13928,0.128393333333333,0.1195875,0.157855,3,44.72356312,-83.74172084
"10425",0.241145,0.2611125,0.180185,0.133193333333333,0.1343225,0.1541025,0.1534475,0.1458525,0.1392925,0.1283,0.12106,0.15774,3,44.72426402,-83.53942831
"10496",0.214955,0.24794,0.16654,0.130863333333333,0.1347025,0.1545725,0.153865,0.14536,0.136905,0.12736,0.1189275,0.1636175,3,44.41339344,-90.59009347
"10497",0.216,0.25229,0.1674625,0.13079,0.1346925,0.154565,0.153855,0.145365,0.13692,0.127406666666667,0.1188025,0.153095,3,44.41990495,-90.48990087
"10543",0.2510225,0.2621875,0.1955125,0.129996666666667,0.13409,0.154045,0.15323,0.1456,0.138745,0.129223333333333,0.120305,0.1533925,3,44.62253579,-85.86164004
"10552",0.26724,0.2627725,0.20031,0.130416666666667,0.13413,0.1540325,0.1532925,0.14567,0.13906,0.12896,0.1211875,0.1681275,3,44.63990658,-84.95311097
"10559",0.2480525,0.25358,0.1625225,0.130856666666667,0.134195,0.1540625,0.1533675,0.145745,0.1391675,0.12868,0.122525,0.157635,3,44.64836245,-84.24616408
"10560",0.2188325,0.2180575,0.1708075,0.130926666666667,0.1342075,0.1540675,0.1533775,0.1457575,0.139175,0.128636666666667,0.120285,0.15544,3,44.64920923,-84.14515652
"10561",0.1995775,0.1956675,0.16241,0.13099,0.1342225,0.154075,0.15339,0.14577,0.139185,0.128593333333333,0.1203075,0.15667,3,44.6499657,-84.04414612
"10562",0.20424,0.2067475,0.1552875,0.13106,0.13423,0.15408,0.1534025,0.14578,0.1391925,0.12855,0.1202825,0.15696,3,44.65063186,-83.94313322
"10563",0.2228825,0.220786666666667,0.1545475,0.13113,0.134245,0.1540825,0.15341,0.145795,0.1392025,0.128503333333333,0.11941,0.15573,3,44.65120769,-83.84211811
"10564",0.21209,0.2584475,0.15905,0.13122,0.1342625,0.1540925,0.1534225,0.145805,0.1392075,0.128456666666667,0.119355,0.1564925,3,44.6516932,-83.74110114
"10565",0.22999,0.2542425,0.1724475,0.132113333333333,0.1342775,0.1540975,0.1534325,0.14582,0.13921,0.128413333333333,0.1204,0.157875,3,44.65208839,-83.64008261
"10688",0.2542225,0.26245,0.18981,0.130056666666667,0.1340575,0.154025,0.15324,0.145605,0.13887,0.129213333333333,0.1203625,0.15482,3,44.55931111,-85.45514622
"10692",0.265335,0.262175,0.19759,0.13029,0.1340775,0.154025,0.153275,0.14564,0.1389825,0.12908,0.121015,0.16406,3,44.56648136,-85.05181891
"10696",0.250845,0.2618275,0.1650475,0.130536666666667,0.134115,0.1540375,0.1533125,0.1456825,0.1390575,0.128926666666667,0.119605,0.155105,3,44.57220917,-84.64840076
"10700",0.2404275,0.2519425,0.1715275,0.1308,0.13416,0.1540625,0.1533625,0.14573,0.1391,0.128756666666667,0.120505,0.1545975,3,44.57649412,-84.24491208
"10707",0.24405,0.2572925,0.173785,0.131293333333333,0.1342675,0.1541075,0.1534425,0.14581,0.1391375,0.128433333333333,0.12137,0.1573825,3,44.58052,-83.53869828
"10775",0.197255,0.2181975,0.156535,0.13109,0.1349675,0.1546325,0.1539325,0.1453525,0.1370625,0.127573333333333,0.1190525,0.15764,3,44.2502013,-90.87148705
"10776",0.19766,0.215495,0.14979,0.13101,0.13495,0.1546275,0.1539275,0.145355,0.1370575,0.127606666666667,0.1189325,0.1549825,3,44.25696415,-90.77161056
"10782",0.229445,0.260555,0.1683675,0.13059,0.134795,0.1545675,0.153845,0.1453775,0.13713,0.128013333333333,0.119135,0.15672,3,44.29567181,-90.17187281
"10783",0.22971,0.2601575,0.17087,0.130526666666667,0.1347525,0.1545525,0.15383,0.14538,0.1371525,0.12811,0.12027,0.1602275,3,44.30181125,-90.07183953
"10835",0.249845,0.238125,0.1801225,0.13069,0.13406,0.154025,0.153285,0.1456425,0.138965,0.129086666666667,0.1210825,0.1606025,3,44.49766315,-84.84811274
"10836",0.2670225,0.2626025,0.20235,0.132376666666667,0.13407,0.15403,0.153295,0.145655,0.1389825,0.129046666666667,0.1214375,0.1654475,3,44.49904834,-84.74738186
"10841",0.2678025,0.262915,0.18893,0.13074,0.1341325,0.1540575,0.153355,0.1457075,0.1390325,0.128826666666667,0.119535,0.154305,3,44.50462319,-84.24366321
"10844",0.238135,0.2527525,0.1657075,0.130953333333333,0.1341775,0.15408,0.1533925,0.1457425,0.13905,0.12869,0.1201225,0.1556,3,44.50688707,-83.94139196
"10922",0.2259475,0.255485,0.1625425,0.130653333333333,0.134925,0.1545975,0.153885,0.1453775,0.13717,0.12811,0.1193125,0.15328,3,44.21782932,-90.2631355
"10923",0.2275575,0.2578475,0.165385,0.13059,0.134885,0.1545825,0.1538675,0.145375,0.137185,0.128206666666667,0.119235,0.154305,3,44.22405043,-90.16324706
"10972",0.26422,0.2621675,0.19944,0.130036666666667,0.1339925,0.154,0.1532275,0.1455825,0.13883,0.129323333333333,0.1216275,0.163275,3,44.41936454,-85.24847674
"10973",0.2496875,0.2627125,0.1979875,0.1301,0.134,0.154005,0.1532425,0.1455925,0.138855,0.12929,0.122105,0.1556475,3,44.42110779,-85.1478938
"10982",0.26575,0.26304,0.183745,0.13069,0.1341125,0.1540575,0.1533525,0.14569,0.138965,0.12891,0.12031,0.154325,3,44.43274956,-84.24241747
"11063",0.2173375,0.24532,0.1628125,0.130653333333333,0.1350175,0.15461,0.1539,0.145375,0.1372225,0.1283,0.1190925,0.152955,3,44.14621165,-90.25440812
"11119",0.2605425,0.2611425,0.177375,0.130363333333333,0.13403,0.154025,0.153295,0.145625,0.13887,0.129163333333333,0.1207,0.15584,3,44.35660376,-84.64315049
"11120",0.2663,0.262905,0.1812725,0.13043,0.134045,0.1540325,0.1533075,0.145635,0.1388775,0.129116666666667,0.120685,0.1581875,3,44.35780589,-84.54266233
"11121",0.2668725,0.262955,0.1861725,0.130496666666667,0.13406,0.1540375,0.15332,0.145645,0.1388875,0.129066666666667,0.1200375,0.15423,3,44.35891817,-84.44217013
"11122",0.265435,0.2629825,0.1829,0.130566666666667,0.134075,0.1540475,0.153335,0.1456575,0.1388925,0.129023333333333,0.1197575,0.15403,3,44.35994058,-84.34167419
"11130",0.25782,0.2558775,0.1773925,0.131263333333333,0.1342225,0.1541225,0.1534425,0.14576,0.1388875,0.12862,0.123865,0.1650175,3,44.36488436,-83.53761007
"11244",0.22502,0.23721,0.15951,0.129403333333333,0.133875,0.15398,0.153125,0.1454725,0.1384,0.12981,0.11972,0.1547675,3,44.25331849,-86.24640975
"11246",0.235083333333333,0.25985,0.15174,0.12948,0.1338825,0.1539725,0.1531325,0.1454825,0.138485,0.129763333333333,0.119675,0.154965,3,44.25850018,-86.04588916
"11247",0.21368,0.2622625,0.1554375,0.12952,0.133885,0.15397,0.1531375,0.145485,0.1385225,0.129736666666667,0.1196575,0.15506,3,44.26095659,-85.94561565
"11257",0.262215,0.26088,0.1783675,0.13011,0.1339725,0.1540025,0.153245,0.1455725,0.138775,0.129373333333333,0.1202025,0.160115,3,44.28058909,-84.94247
"11259",0.249585,0.26283,0.175535,0.13024,0.1339975,0.154015,0.1532725,0.145595,0.1387925,0.129283333333333,0.1201475,0.15476,3,44.28343914,-84.74176752
"11261",0.2630725,0.262905,0.187485,0.130376666666667,0.134025,0.15403,0.1533025,0.1456175,0.1388125,0.129193333333333,0.11985,0.1530025,3,44.28593024,-84.54104642
"11262",0.265963333333333,0.2629275,0.1874725,0.130446666666667,0.134045,0.15404,0.1533175,0.1456275,0.1388175,0.129143333333333,0.119985,0.1541075,3,44.28704117,-84.44067967
"11265",0.26535,0.2613425,0.1777975,0.130653333333333,0.134095,0.154065,0.153355,0.1456625,0.138835,0.129,0.1233625,0.1617325,3,44.28983543,-84.13955835
"11269",0.26157,0.2585675,0.1757575,0.130943333333333,0.13417,0.1541025,0.153415,0.1457125,0.1388275,0.128786666666667,0.121725,0.15946,3,44.29230435,-83.73802582
"11388",0.243553333333333,0.2622775,0.15121,0.12946,0.133865,0.1539575,0.15312,0.145465,0.1384875,0.129823333333333,0.11974,0.1550425,3,44.18910797,-85.94225395
"11397",0.2628125,0.26254,0.1768475,0.129983333333333,0.1339375,0.1539925,0.15322,0.14554,0.138705,0.129496666666667,0.122005,0.1601475,3,44.2071591,-85.04057616
"11398",0.2528175,0.2621525,0.17488,0.130053333333333,0.133955,0.153995,0.1532375,0.1455525,0.1387175,0.12945,0.119855,0.160295,3,44.20871684,-84.94035773
"11401",0.2565025,0.262845,0.1863375,0.13026,0.1339975,0.15402,0.1532825,0.145585,0.1387425,0.12931,0.1195325,0.1550725,3,44.21285233,-84.63967214
"11406",0.2430425,0.25663,0.16595,0.130603333333333,0.134085,0.1540675,0.153355,0.145645,0.13876,0.12907,0.1211175,0.154555,3,44.21795204,-84.1384471
"11409",0.266965,0.25665,0.1759925,0.13082,0.1341425,0.1541,0.1534,0.1456825,0.13875,0.12891,0.123385,0.1663375,3,44.219936,-83.83767636
"11529",0.24328,0.2622125,0.1531975,0.129396666666667,0.13385,0.1539475,0.153105,0.145445,0.138455,0.12992,0.119775,0.1538975,3,44.1172561,-85.93890062
"11530",0.2506825,0.2623175,0.1614775,0.129443333333333,0.133855,0.1539475,0.15311,0.14545,0.1384875,0.129886666666667,0.119735,0.1546525,3,44.11961719,-85.83886804
"11670",0.250385,0.262265,0.15629,0.12935,0.1338475,0.1539375,0.15309,0.145425,0.13842,0.13,0.1198075,0.15509,3,44.04540088,-85.93555562
"11671",0.24618,0.26235,0.163005,0.1294,0.13385,0.1539375,0.1530975,0.14543,0.138445,0.129976666666667,0.1197375,0.1552925,3,44.04775915,-85.83564724
"11678",0.2531525,0.2626475,0.1692275,0.129813333333333,0.1339075,0.15397,0.15319,0.1454925,0.138585,0.129696666666667,0.12045,0.1604525,3,44.06176535,-85.13608193
"11691",0.2547975,0.2502525,0.1696275,0.130736666666667,0.1341425,0.1541075,0.1534025,0.1456475,0.1385975,0.12903,0.1245275,0.15958,3,44.07615501,-83.83621051
"11809",0.2472425,0.261995,0.1556025,0.129223333333333,0.13385,0.15393,0.15307,0.145395,0.1383175,0.130133333333333,0.119745,0.1530075,3,43.96856369,-86.13176277
"11810",0.242586666666667,0.260165,0.15142,0.129256666666667,0.1338475,0.15393,0.153075,0.1453975,0.13835,0.13011,0.1197375,0.154245,3,43.97109755,-86.03199514
"11811",0.2335675,0.218525,0.1498975,0.1293,0.133845,0.1539275,0.15308,0.145405,0.13838,0.130083333333333,0.119785,0.154795,3,43.97354221,-85.93221893
"11812",0.24767,0.26212,0.159425,0.129346666666667,0.13385,0.15393,0.153085,0.1454125,0.1384075,0.130056666666667,0.11978,0.1547475,3,43.97589766,-85.83243445
"11813",0.250415,0.2623875,0.17234,0.129393333333333,0.13385,0.153935,0.1530975,0.1454175,0.1384325,0.130023333333333,0.119735,0.154335,3,43.97816388,-85.732642
"11819",0.2496825,0.262475,0.1690525,0.12976,0.133905,0.1539675,0.15318,0.1454725,0.1385325,0.129776666666667,0.1196875,0.15688,3,43.98988712,-85.13373716
"11827",0.252985,0.2324775,0.16623,0.13032,0.1340375,0.154055,0.153315,0.145565,0.138555,0.12938,0.12375,0.1620825,3,44.00051817,-84.33488312
"11951",0.2501925,0.260065,0.1564475,0.12921,0.133855,0.1539225,0.153065,0.14538,0.1383175,0.130193333333333,0.1198425,0.154805,3,43.89923822,-86.02854317
"11952",0.2024025,0.2241425,0.15034,0.12925,0.133855,0.153925,0.15307,0.1453825,0.138345,0.130166666666667,0.11977,0.1545675,3,43.90167997,-85.92889051
"11953",0.211945,0.2452025,0.150805,0.1293,0.133855,0.153925,0.15308,0.14539,0.13837,0.130136666666667,0.11975,0.154675,3,43.90403261,-85.82922962
"11968",0.2575275,0.2337025,0.1664225,0.13028,0.134045,0.154055,0.153315,0.14555,0.1384825,0.129446666666667,0.1221375,0.1628,3,43.92862378,-84.33353501
"12092",0.24729,0.25963,0.156305,0.129176666666667,0.13387,0.1539175,0.15306,0.14536,0.13828,0.130263333333333,0.11984,0.15443,3,43.82737523,-86.02509974
"12093",0.23585,0.2596475,0.1477225,0.129213333333333,0.1338675,0.153915,0.153065,0.1453675,0.13831,0.130243333333333,0.119765,0.154525,3,43.82981407,-85.92557034
"12094",0.24721,0.2600675,0.15676,0.12925,0.1338625,0.1539175,0.1530725,0.145375,0.1383325,0.13021,0.11991,0.1546675,3,43.83216392,-85.82603272
"12234",0.250985,0.26204,0.15414,0.12918,0.1338875,0.1539125,0.15306,0.1453475,0.1382725,0.130313333333333,0.11978,0.1542375,3,43.75794441,-85.92225838
"12235",0.246355,0.2614,0.1590225,0.12922,0.1338825,0.1539125,0.153065,0.145355,0.1382925,0.130283333333333,0.120245,0.154895,3,43.76029147,-85.82284374
"12375",0.2513625,0.2621475,0.153865,0.129143333333333,0.13391,0.1539075,0.153055,0.1453325,0.1382325,0.130383333333333,0.1199325,0.154365,3,43.68607088,-85.9189546
