"","mod.st.jan","mod.st.feb","mod.st.mar","mod.st.apr","mod.st.may","mod.st.jun","mod.st.jul","mod.st.aug","mod.st.sep","mod.st.oct","mod.st.nov","mod.st.dec","convert.code","Lat","Lon"
"3116",5.01405758312268,3.09286257075922,0.154952374152799,-0.78061407195986,-0.656713702743048,-1.95704989450928,-0.804843580805596,-0.360165787326423,0.348035642599541,1.11252745031788,2.17080416428013,4.68372492876625,3,48.32342999,-92.93763516
"3941",0.364533957580988,-0.019639172754637,0.411900001148183,0.775232144320967,0.728787601249962,-0.37781495048614,-0.168394709196718,-0.385764926493096,0.335467040310164,0.178943149154293,0.405383263122644,0.172009459377364,3,47.8653977,-95.22779663
"3947",1.0990999477732,0.165859819766183,0.530073673349534,0.682512768179038,0.747060856331018,-0.331601190664401,-0.104578843747731,-0.300277685666686,0.559546172432874,0.368818747709895,0.607247333194437,0.55504137171522,3,47.8653977,-94.67815788
"3995",5.38539750489821,3.51337085768523,0.37130696334026,0.551441872253122,-1.28176139942133,-1.97492582317824,-0.172474987719909,1.13635024471989,0.811404375680581,1.83803883533028,3.90239313241665,9.1448800216898,3,47.8653977,-90.28104786
"3996",5.31378162406253,3.50340648635881,0.353109148298643,0.489604839938295,-1.39746252306713,-2.03110138525227,-0.25782617480786,1.04224200343054,0.817655639166674,1.87172187674383,3.90545191691666,9.02033803241898,3,47.8653977,-90.1894414
"4129",1.4536996309468,0.537853337574063,0.52397022570608,-0.151002887175935,0.00183629121528384,-0.478179923009236,-0.212195341949098,-0.473893914675955,0.471539173011593,0.53016288751229,0.329165484328712,0.545187084416625,3,47.77379124,-93.57888037
"4330",5.36038422941897,2.95248421086109,0.472355413259265,1.03105377757714,-0.476490506238406,-1.21422820739582,0.39107662369679,1.59621128641669,1.04394795136579,1.77526969670367,3.55612034649999,8.29654283946525,3,47.68218478,-90.73908015
"4497",6.00533691200462,3.14906303846988,0.633189002842585,0.881302035740759,-0.647183652500019,-1.02885719606252,0.38546691922221,1.58792441330559,1.01525548981482,1.86552072899696,3.62796936093287,8.40900293388427,3,47.59057832,-91.01389953
"4498",5.63485215829866,2.94327809924766,0.571552406240755,0.976554696527785,-0.488121819976868,-0.98075951874074,0.429816250597241,1.64008976933798,1.09007130969439,1.82519355548766,3.51771392873849,8.08553255590516,3,47.59057832,-90.92229307
"4700",1.99252750056252,2.16224330560652,0.0376818660578238,0.70359176013892,-0.380221603449115,-1.53273491331021,-0.619604456365721,-0.0893984034954087,0.217722979182838,0.681513575746862,1.45122548656713,3.91954758338198,3,47.49897186,-87.99088639
"4701",2.35809452224765,2.20239093661576,0.0371271178333359,0.555777090432116,-0.53741142243058,-1.66439636710419,-0.670513293979127,-0.0646965265138988,0.196928250060182,0.697748274148182,1.60096119842825,4.12712280481946,3,47.49897186,-87.89927993
"4792",0.123690985381927,-0.138533566775379,0.27814782022682,0.586925054305595,0.376002262685176,-0.0196968539930253,0.0101362000277732,-0.154442437342595,0.206500998430556,0.101714224734565,0.0966884465671001,0.0495816505995208,3,47.4073654,-95.13619017
"4799",0.920636428206024,0.109226200513831,0.443293993476857,0.407241602037061,0.410314560844938,0.0241508523795915,0.0940608029166583,-0.0742533202152913,0.413518932837974,0.221535211913533,0.28070788128241,0.299348295562538,3,47.4073654,-94.49494496
"4832",6.00702817871297,3.01902651706251,0.774609745020769,0.525458828410478,-0.70203556010415,-0.836172242273108,0.366047468168972,1.34307115287498,0.738018304039372,1.67053854318209,3.46428877069212,7.96405574181944,3,47.4073654,-91.47193182
"4958",-0.395247422532407,-0.277481923564835,0.110860968583381,0.510816914814882,0.249380275277758,0.02306342677781,0.0051474988309792,-0.165454811888878,0.0554867827523253,0.111989046740746,0.00970592328468456,-0.131362838291693,3,47.31575894,-95.50261601
"4959",-0.301556790780069,-0.248577392273148,0.14360374658105,0.538737850030827,0.279943386319474,0.0253510701990649,0.0105854072685361,-0.150624389375025,0.0833821131782315,0.103433065740717,0.0113954487476917,-0.0973429285695033,3,47.31575894,-95.41100955
"4960",-0.205801776935232,-0.226465868108846,0.174105077747697,0.563264453518514,0.302368652256973,0.0342064814675496,0.0169443677870618,-0.138068152763879,0.113193471377258,0.096372976694397,0.0183810971990965,-0.0617151147685036,3,47.31575894,-95.31940309
"4961",-0.0984482887199079,-0.200000162331037,0.201111489587959,0.569869153364152,0.325692525196757,0.0376666069398084,0.0239836591990752,-0.124374801409715,0.144443837062511,0.0920202575802591,0.0320906676597019,-0.0242735673657535,3,47.31575894,-95.22779663
"4962",0.0109545037361158,-0.178352778298631,0.231494669835683,0.580092521419715,0.346123372604097,0.0412622190787033,0.0323762182523524,-0.107898948708339,0.172861432530112,0.0940747103209674,0.0478889508171392,0.0170965103286562,3,47.31575894,-95.13619017
"4963",0.124742108310215,-0.152215173830996,0.254791319993046,0.582002696651216,0.365310475925924,0.0473946492014079,0.0484361597916632,-0.0932948563934701,0.203135970502331,0.100861577728438,0.06975681136106,0.0510352979583217,3,47.31575894,-95.04458371
"5002",5.24511880017826,2.67278796872455,0.67967410396534,0.495417504969168,-0.566754032499944,-0.707351165016235,0.309396245201356,1.21176433694438,0.677431393226868,1.45068017512034,3.04152390095834,7.02251380666894,3,47.31575894,-91.47193182
"5129",-0.394617173280096,-0.285866961344936,0.0953955027962934,0.534115036620392,0.242989287337991,0.0928579351249823,0.0453601392476912,-0.103122444583278,0.0620713572523073,0.119675330774726,-0.0235015023426399,-0.104315705398108,3,47.22415249,-95.41100955
"5132",-0.120121294995386,-0.214060257914298,0.177800638659733,0.586618737006177,0.321828260150426,0.099355406162033,0.0559967122939611,-0.0670354652569358,0.135293180921337,0.087713331558632,-0.00618356111806406,-0.0256311170809909,3,47.22415249,-95.13619017
"5171",4.48974196990048,2.40327768732641,0.619189501673645,0.399945131126515,-0.480114650358757,-0.632661521340253,0.263714344488449,1.05157338363659,0.564912714567129,1.19927254651236,2.56665773703708,6.00080469350456,3,47.22415249,-91.56353828
"5206",0.779721806692123,0.701780227874906,0.222244698886584,0.636285991558623,0.0485866716319947,-0.757057429291706,-0.13970321106251,0.130263173129663,0.224611360215306,0.400020899317951,0.730705539872702,1.99123753791434,3,47.22415249,-88.35731222
"5298",-0.551711248513868,-0.329540333032412,0.0214270716551255,0.515783092638912,0.183243761122696,0.151361677673606,0.0842048002986076,-0.0704142980648044,0.0117063429398172,0.158209526280871,-0.0541180902291671,-0.145268841655138,3,47.13254603,-95.50261601
"5303",-0.172238625601835,-0.231044916254632,0.136616341722231,0.606148344567885,0.336039055648143,0.14995282578468,0.08724386667825,-0.0218081641019126,0.105119531942137,0.0618688945648387,-0.0512320040139116,-0.0523065059189776,3,47.13254603,-95.04458371
"5305",-0.000178099092579487,-0.188116930222179,0.181328064131947,0.606516902314809,0.395847473009269,0.162046376041701,0.10506246116671,0.00352673767588385,0.153312319011548,0.0445261668765511,-0.0111352379930736,0.0141158616874577,3,47.13254603,-94.8613708
"5306",0.103002214335675,-0.159576115217646,0.206601853976849,0.597851152546355,0.420276101145816,0.167763023604152,0.118408886805582,0.0235050274305877,0.176591241479173,0.0465158124289928,0.0131655269953512,0.0542274868541313,3,47.13254603,-94.76976434
"5315",0.772706238493072,0.0953173290208156,0.366087313777768,0.312437835493824,0.368721783078684,0.0703619877014035,0.00895477015740198,-0.0539760088194612,0.267673259064793,0.0282996588672972,0.10355892465509,0.210488334671311,3,47.13254603,-93.94530621
"5339",3.6396996590463,2.1864770752523,0.611310875449135,0.184480167052413,-0.518327858981479,-0.596669480127275,0.199942681203709,0.84451351056714,0.46964558990976,0.996610709787035,2.02700135545598,4.71775992744682,3,47.13254603,-91.7467512
"5471",-0.413182738840248,-0.280038325629619,0.0441160134027996,0.599976572391995,0.248135626342616,0.190613008650416,0.0909827123703622,-0.0300263544143604,0.0207364751295813,0.0989514822685464,-0.114461053120408,-0.119010259078664,3,47.04093957,-95.22779663
"5472",-0.344146123263897,-0.261713108365711,0.0659788640416537,0.620024293163567,0.285565808692127,0.190033592685211,0.0880439012777856,-0.021688477442126,0.0363057251319674,0.0656976761111423,-0.123468086673597,-0.10085020121528,3,47.04093957,-95.13619017
"5475",-0.107562865650436,-0.191578102465257,0.139300225013926,0.680915445416645,0.404656520127332,0.215774644782414,0.114055866863396,0.039571602784747,0.101212084280121,0.00195993487966462,-0.0889236638309967,0.00940143411571626,3,47.04093957,-94.8613708
"5477",0.0932466524815254,-0.130975891087985,0.196710830902759,0.697491339783937,0.479691706655103,0.240495015851877,0.143726320706037,0.0800192002453741,0.150518932581008,-0.0100422122283703,-0.0256986006319266,0.121205779185232,3,47.04093957,-94.67815788
"5538",0.846094784928255,0.765335072752293,-0.0111383943518604,0.452069710725368,0.141066395138864,-0.332114695092571,-0.18598952567595,0.147418404752273,0.135002023263837,0.224403596240734,0.719118600435138,1.65165383466672,3,47.04093957,-89.09016389
"5639",-0.545555441178237,-0.295037278532391,-0.0115591297476385,0.559193252361126,0.146700760486112,0.221677673347244,0.12477855990511,-0.0444334022755015,-0.0422745760486123,0.195066879549415,-0.0951647860647995,-0.13887060661807,3,46.94933311,-95.41100955
"5645",-0.143612281636592,-0.158449691166652,0.137573127483847,0.79782432470688,0.429252376597276,0.256444035789343,0.109692597708374,0.0461155681736045,0.0487347736666379,-0.0410447707376989,-0.152258091087958,0.0518847374814868,3,46.94933311,-94.8613708
"5649",0.208981354986179,-0.0601407572754624,0.236438842414373,0.723969438395045,0.465634425937537,0.278695792731469,0.141632713229171,0.0948523262245544,0.138202355953695,-0.0120847560401671,-0.0514443936319822,0.211636331011562,3,46.94933311,-94.49494496
"5819",0.18251686063428,-0.0274196252662477,0.271843756909732,0.797620784058665,0.433324236145836,0.28758204053014,0.120337761817154,0.0716292759120165,0.0916599348495311,0.0259636369258942,-0.082225196870354,0.259092786152735,3,46.85772665,-94.49494496
"5857",2.68220625482405,1.64082599777083,0.77363482985885,0.537222707283945,0.0862073146874991,0.0117416958032663,0.283348719981461,0.756796490157399,0.55099640486344,0.871703565503083,1.76040387857404,3.64704396401618,3,46.85772665,-91.01389953
"5987",0.143457899810187,0.010169870868026,0.289751914456076,0.995841860385781,0.433683702152791,0.261241492118074,0.0742963030254487,0.017827541916688,0.00315208352088803,0.0368874523888962,-0.105499165384288,0.278846589002342,3,46.76612019,-94.67815788
"5992",0.151812126090306,0.000731870490710662,0.314913659182821,0.619079932314833,0.320426897465325,0.274857430254656,0.147360808090298,0.0613372284258844,0.118780857657441,0.124731599929021,-0.0453720580161985,0.268959012856442,3,46.76612019,-94.22012559
"5994",0.12513293129166,-0.0144422710092726,0.306769529034739,0.484841249074066,0.287990097604109,0.241628091965254,0.121734727437513,0.0355947779235635,0.150236436578723,0.118766317663585,-0.0499914634050924,0.246267851324092,3,46.76612019,-94.03691267
"6027",2.17010464152315,1.32918572146525,0.706465773208322,0.544716525833337,0.218281284444458,0.091246732712932,0.246394841212975,0.609603315439813,0.456636739988426,0.694897846030869,1.48824964974779,2.98839613096061,3,46.76612019,-91.01389953
"6051",0.901061690831,0.69905456540971,0.482827258587974,0.721462120848798,0.492904953425978,0.119273058789361,0.286138165034743,0.357371555365773,0.479534917439821,0.634978756796272,0.729062412370354,1.26202709678472,3,46.76612019,-88.81534452
"6052",0.901888667574042,0.66596040992124,0.531455412125013,0.727114126543256,0.475921739594924,0.0797442559976957,0.287360151592566,0.352877093069424,0.476332337425958,0.650385396000047,0.746446365055533,1.28069958579397,3,46.76612019,-88.72373806
"6053",0.925159839710659,0.461995709831001,0.582262901273168,0.753033662376538,0.45588475932874,0.0383095910486304,0.289759210798593,0.346886662680561,0.484671594578685,0.667269314558609,0.758720524314811,1.29739402125,3,46.76612019,-88.6321316
"6055",1.07786838699303,-0.0552468531412273,0.721928440777788,0.777899405277765,0.366991609780086,-0.0637773510856618,0.27760748510417,0.342238628442146,0.503733863027776,0.732498478361151,0.807260798627283,1.39112809056013,3,46.76612019,-88.44891868
"6162",0.139101122881925,0.0203642416527714,0.348484806759245,0.670716192839507,0.290923833321699,0.240588003462904,0.0941360525624759,0.0142382061620765,0.0706377519652506,0.168654448308644,-0.0322612453935562,0.318130247277793,3,46.67451373,-94.22012559
"6194",1.5783938954653,0.909324175685242,0.698421593824094,0.698500528549403,0.349366423263916,0.142523108634236,0.251184453756935,0.519624260282399,0.447846883393538,0.582828339805587,1.08738878367132,2.33349529714349,3,46.67451373,-91.2887189
"6195",1.566274185206,0.895237269460608,0.69994769901848,0.680727730462991,0.353743015462953,0.15706547139348,0.230079842824068,0.504843985696709,0.429499469986126,0.592224705324099,1.11893981200001,2.31211146174763,3,46.67451373,-91.19711245
"6213",0.655805502805606,0.659575065247736,0.148392091354197,0.504137240833359,0.563251968518557,0.346570502231486,0.122902720731531,0.266736165928251,0.448201837377326,0.535605093972265,0.490213497812533,0.829948596277802,3,46.67451373,-89.54819619
"6216",0.740540487888893,0.705316223638931,0.287683068585579,0.597215399876632,0.559561952812544,0.325961274305541,0.200010181518508,0.302415494222203,0.465441314425959,0.57512237789507,0.536948567965283,0.936247326138869,3,46.67451373,-89.27337681
"6217",0.770812736238383,0.713928223365713,0.335727008319452,0.654864764598813,0.562320858055557,0.319300325601887,0.223233454879619,0.310910926467614,0.487725350983794,0.610685628428996,0.556502322993083,0.951266843648114,3,46.67451373,-89.18177035
"6253",2.23523672017132,-0.510535195178193,0.350856421006938,0.0807193546295935,-1.01843584662038,-1.28588581582176,-0.711481650821781,-0.186820621527772,0.0633225987130004,0.611749187768567,1.1753837667269,2.02992720113656,3,46.67451373,-85.88393784
"6333",0.137798476203727,0.0166657673426016,0.326456188956058,0.636215674660434,0.228575147847209,0.141827881541644,-0.0141269548842615,-0.0711973753449229,0.0128626132569138,0.187243428293243,-0.010424292590244,0.34003966440514,3,46.58290727,-94.12851913
"6351",-0.0997041818981756,0.05369195357639,0.223683530113476,0.0292967388580223,-0.262998437488477,-0.375509846384261,-0.301341522951361,-0.31871894884722,-0.0436167008611505,-0.0723674761789539,-0.258734394840246,0.345991847474522,3,46.58290727,-92.47960287
"6352",-0.01682518671754,0.106658528467563,0.252696366884209,0.0842501149382429,-0.234125969062461,-0.34529607380324,-0.252966645180493,-0.259691290321769,-0.0121666599814603,-0.0462133635864461,-0.195002332780064,0.415302314097232,3,46.58290727,-92.38799641
"6364",1.13813010743979,0.579793543629648,0.643086239722209,0.740807961635824,0.410808572291671,0.158792793861096,0.144225453374986,0.359556031858801,0.368090904046312,0.482760809981471,0.853288465895844,1.77454727195834,3,46.58290727,-91.2887189
"6365",1.12139854046069,0.5891120969236,0.655792006956005,0.725408905015456,0.408483123321787,0.184315551627321,0.160125541895809,0.372665543106507,0.380069020777796,0.50976990094756,0.895517796893557,1.73973912771294,3,46.58290727,-91.19711245
"6383",0.440181712296294,0.555976762703665,0.158540919261554,0.610525844475262,0.665833780625007,0.417100793745362,0.155037286159768,0.249167234113429,0.485249631580984,0.541705450521647,0.34591951290281,0.545433467027749,3,46.58290727,-89.54819619
"6390",0.696952337921289,0.658605866597213,0.477463459062506,0.779424814166703,0.507540215219876,0.220647122993057,0.239243875094928,0.301947618648171,0.47845311436572,0.663569477117278,0.530954752835669,0.866576853664412,3,46.58290727,-88.90695098
"6534",0.783376581150492,0.377648277803246,0.643239492944474,0.791861904567952,0.481203067349497,0.210157306212977,0.118304576476817,0.279223988233753,0.353271114787049,0.459683693108047,0.723335698775429,1.31983393850004,3,46.49130082,-91.2887189
"6539",0.733180734486098,0.547491218666664,0.648933277212961,0.583315861867277,0.415060240879654,0.297262123143526,0.13512561256249,0.28771698514123,0.37320556105783,0.550948722107989,0.851642543032369,1.24401276196522,3,46.49130082,-90.83068661
"6540",0.721085813064803,0.585770659196783,0.641779618835642,0.527310463225263,0.39655536494206,0.318583269136525,0.138200264641227,0.28960946828704,0.384795842875008,0.574049667839517,0.861411499143514,1.21155415885414,3,46.49130082,-90.73908015
"6541",0.70170545141201,0.609774310224566,0.60294669201852,0.458982074953724,0.362952209282412,0.313610806594909,0.115950070979125,0.27906670916434,0.383208965034726,0.575743195447558,0.855394738969892,1.17481545750002,3,46.49130082,-90.64747369
"6556",0.44711660819911,0.584113340974511,0.321877520863438,0.68642431245371,0.579104446793963,0.343268333828746,0.173556113513882,0.223495505006895,0.436670651805514,0.540066142802459,0.310446159923629,0.560142400611142,3,46.49130082,-89.27337681
"6604",1.24817220163658,1.00458180901154,0.109461964002321,0.20661118797841,-0.208357962245373,-0.803142017025436,-0.49028860352081,0.127347355759241,0.286386620020892,0.706592481373491,1.11132383961109,1.27489807327777,3,46.49130082,-84.87626679
"6700",0.299572430655076,0.0215799738934948,0.541271727918968,0.786735846867316,0.408854957962944,0.0901734401805356,-0.020773223939841,0.0379499898240283,0.226705112560126,0.233992991570972,0.335737326507001,0.71377339549997,3,46.39969436,-91.65514474
"6701",0.374899331099527,0.0704173881620704,0.555760325972244,0.80055256945991,0.460930668680533,0.147199838289396,0.0319022514306084,0.106288008888896,0.268409130622672,0.284150567873439,0.41823785205554,0.801369344081024,3,46.39969436,-91.56353828
"6702",0.424492815703729,0.12309653951155,0.585769961766232,0.822915026543228,0.504428992604176,0.198081727830981,0.0747369259190123,0.162724336736119,0.305685544046298,0.341433590808663,0.493934225254634,0.860351082495356,3,46.39969436,-91.47193182
"6708",0.581490897414369,0.461477735659741,0.654413137613403,0.659986845293247,0.47047336195601,0.303172614162065,0.133858112212977,0.253268457134254,0.377197397611098,0.535655418663623,0.736253103636557,1.05487365427314,3,46.39969436,-90.92229307
"6732",0.595523430851813,0.606408343712928,0.514821902173594,0.818658452638886,0.507019650046288,0.12601346570608,0.203891437641175,0.283065323263884,0.392951668379624,0.580029846253069,0.506923410949071,0.710172608243056,3,46.39969436,-88.72373806
"6777",0.90069836275228,0.797550381261544,-0.0138396092199287,0.208800829243728,-0.00153540406250841,-0.608639117837981,-0.32987706199998,0.162119676914301,0.286233255368074,0.668177509645091,0.967911575250014,0.956302048564851,3,46.39969436,-84.60144742
"6866",0.0368815467685408,-0.214512312099544,0.513446172946715,0.687073385586473,0.149276607546312,-0.202165069358784,-0.327605241275478,-0.278488890275469,-0.0141357600207925,0.0648667849691833,-0.0204777184143836,0.301450599511554,3,46.3080879,-92.02157058
"6868",0.111677624208369,-0.171404916821757,0.506309235571734,0.755920921697566,0.261914421655035,-0.0973954242592754,-0.223350258673577,-0.16612125444675,0.0862925019351337,0.127332532925948,0.125887356798614,0.379569782585634,3,46.3080879,-91.83835766
"6872",0.333213538580992,0.0352620939096937,0.554068240254651,0.812700765694501,0.488393794513911,0.162242460525476,0.0310362609050685,0.0929228428610713,0.265156043886634,0.300275618274668,0.421116636083298,0.631772410060194,3,46.3080879,-91.47193182
"6884",0.276390680641157,0.383674102259249,0.355237195805614,0.428853069552474,0.32596752665512,0.195364886020798,-0.0389758552129251,0.150526593261588,0.314462280365717,0.398997298089512,0.503465635898124,0.823280626421308,3,46.3080879,-90.37265432
"6902",0.547368408993066,0.604704824113469,0.477459632446767,0.822333190077131,0.555208630694437,0.147370376680556,0.186953508238389,0.260804784722211,0.371519095708322,0.560415944092597,0.434097758500002,0.543960512064814,3,46.3080879,-88.72373806
"6905",0.727713087918971,0.61463792267358,0.559079659481483,0.790141945956805,0.474944664826353,0.0306749859028059,0.192964733527731,0.266159156337949,0.380620465115726,0.631245378407357,0.587044896050884,0.658495824428257,3,46.3080879,-88.44891868
"7034",0.0913185543448662,-0.138556485141237,0.504054801812458,0.553232158410481,0.0827343900115807,-0.251004915692135,-0.364403135918963,-0.299646369740742,-0.0805380560856293,0.0829124498363853,-0.0295485939444688,0.385942004259277,3,46.21648144,-92.20478349
"7035",0.0953374601875225,-0.156588883877305,0.502526041604142,0.617477230864267,0.131313584652787,-0.227574343726872,-0.341894348763844,-0.271283911240687,-0.0464252410463359,0.0933983845617377,0.00618454417366365,0.364044729194461,3,46.21648144,-92.11317703
"7038",0.145846490675922,-0.150421812217587,0.499810136449071,0.724898242314794,0.26936220812496,-0.108377752347224,-0.227987990240763,-0.156593156567169,0.0640354036365807,0.13044536988582,0.138232336016188,0.366350548699074,3,46.21648144,-91.83835766
"7039",0.182447869386579,-0.118327875043974,0.503327273377295,0.743732695246933,0.315000987939868,-0.0594759915763916,-0.174867386136611,-0.10698541765737,0.104652977497722,0.155481215543205,0.189894958803279,0.384870046298602,3,46.21648144,-91.7467512
"7048",0.364912921050916,0.382858720650461,0.581388802398124,0.59793948722222,0.413939364108785,0.222017922932821,0.0597684208495366,0.165554890340275,0.318324601497693,0.445699575536992,0.484107622979195,0.728659170717606,3,46.21648144,-90.92229307
"7076",0.555320756027811,0.467745453914347,0.424291837233795,0.737919786589487,0.494436351550917,0.0237980742176092,0.130301880604179,0.188802625599578,0.317298487016217,0.576954438222231,0.458057975418967,0.402750012129616,3,46.21648144,-88.35731222
"7085",1.57302702983799,-0.611482147861125,0.3805021838009,0.245939070401221,-0.429091350069427,-0.778099991085583,-0.322400729743094,-0.0704209242477418,0.215239848497674,0.75845418288884,0.782839633844844,0.995513068696766,3,46.21648144,-87.5328541
"7096",2.95156209463426,0.232615810405093,0.625372298291609,-0.261073300509281,-1.42535211424769,-1.53849298076847,-0.716724891194474,-0.0171659692661592,0.474162057219928,1.31657526573144,1.43762743623608,2.22141637476619,3,46.21648144,-86.52518305
"7202",0.128849981229166,-0.00523370708106086,0.364468446034721,0.338026394922849,-0.0697358719212957,-0.313913112907414,-0.401824558430519,-0.327316344997655,-0.138936097192129,0.0801842397469272,-0.0322733362847316,0.478277205205984,3,46.12487498,-92.38799641
"7203",0.148887252101815,-0.0264714663426275,0.388228317375024,0.401533471249991,-0.011752747650462,-0.282246880099478,-0.377977164238473,-0.294466020347272,-0.105146306266192,0.102724356567876,0.00302869237731329,0.475639700310182,3,46.12487498,-92.29638995
"7204",0.16536464868517,-0.0434357260763818,0.409593501900474,0.466966168749991,0.0506173162731898,-0.248071687131983,-0.347744928557859,-0.264160633877282,-0.0728134538148311,0.118549984805554,0.0376520633587916,0.469510798530109,3,46.12487498,-92.20478349
"7207",0.204819806483783,-0.0687405725902863,0.448365169020803,0.60860480947531,0.207032249884207,-0.151425820543921,-0.257472583967569,-0.177574615881952,0.0144826572291663,0.13773583061726,0.121577653550958,0.424777864354155,3,46.12487498,-91.92996412
"7208",0.237057564560246,-0.0722254923356331,0.46100635465973,0.647188540987656,0.262112771921238,-0.111154791268518,-0.224699882291645,-0.139652693048561,0.0457276652892915,0.144706772256143,0.163435807349572,0.418650453696728,3,46.12487498,-91.83835766
"7211",0.312749479189847,-0.0218087100786875,0.489324378361175,0.695096714783972,0.386311228645809,0.0246012794143553,-0.100370145946783,-0.0303097568356065,0.157328970699098,0.204322866962968,0.279145678060218,0.428761017069462,3,46.12487498,-91.56353828
"7218",0.169984307069456,0.203639492113439,0.482795778847276,0.557595110108025,0.397437082939859,0.180703112502329,0.0110502237685637,0.113832536388884,0.27415682950226,0.343328942564824,0.314095427668974,0.483731686344868,3,46.12487498,-90.92229307
"7236",0.273851718474532,0.34097162255091,0.312340529287042,0.712605469891969,0.471891371006961,0.147929890331,0.0121951570926058,0.122314411949105,0.263850226421312,0.339566652780888,0.178092824418968,0.433385338157393,3,46.12487498,-89.27337681
"7255",1.53878369658332,-0.548224510002342,0.301120138877309,0.182966541203712,-0.391102361689832,-0.804547075868015,-0.34194969972458,-0.0719777595856499,0.217639702726899,0.758418748861118,0.770638111608775,1.02127230666895,3,46.12487498,-87.5328541
"7371",0.118373426173548,0.0612376269884294,0.160103406164353,0.144528492515462,-0.239717948645819,-0.403790233854124,-0.468714443557872,-0.380130412138897,-0.185587573124963,0.0476305856728345,-0.0543523026227035,0.456112102567147,3,46.03326852,-92.47960287
"7372",0.144008920548629,0.0520543456481732,0.191475871849548,0.20327573354939,-0.173330322488425,-0.36714797224073,-0.438652949951404,-0.349796895127326,-0.154146883840269,0.073374455916678,-0.0179211514745248,0.459995931328706,3,46.03326852,-92.38799641
"7373",0.181839727916667,0.0511231958611233,0.223438524571748,0.273319236558621,-0.0903590696990477,-0.312390969118042,-0.394334957953674,-0.298874827069426,-0.112616760814831,0.117377719228386,0.0320103574490531,0.471636736824109,3,46.03326852,-92.29638995
"7375",0.245677344222202,0.0466087135208113,0.291866138650448,0.397599772932153,0.0560164828819438,-0.225574794456008,-0.320784788291689,-0.225895619414359,-0.0477870290208671,0.149251711425961,0.101068088923626,0.486727298951394,3,46.03326852,-92.11317703
"7377",0.303060894828718,0.0417053339398308,0.352995228027794,0.490762653379647,0.169634420648208,-0.150424433062483,-0.262989414643528,-0.161963967782413,0.00121980760877705,0.161283441734554,0.148284273905119,0.484973082791669,3,46.03326852,-91.92996412
"7379",0.359109384974545,0.0451861480208322,0.405757291048587,0.559623914706776,0.278345803622699,-0.0618732731389287,-0.185058818807875,-0.0916338610879279,0.0752806928009022,0.189865837509274,0.214227273032407,0.481321988009256,3,46.03326852,-91.7467512
"7381",0.379779791745364,0.0607093279004403,0.451070310097236,0.578530132314825,0.344441695995442,-0.00166902934029167,-0.137012734337929,-0.0532951946227058,0.131140231956067,0.207155915043245,0.255400342210635,0.450501412238452,3,46.03326852,-91.56353828
"7382",0.359277144916632,0.0775589422268581,0.465195434446741,0.569566627500024,0.339418586990803,0.0047128407592254,-0.127981399291684,-0.0465122999745518,0.144554401330993,0.203217163123497,0.240314222414327,0.427961710863428,3,46.03326852,-91.47193182
"7415",0.179753090828683,0.374802187761588,0.221068470791693,0.711609774212945,0.556824027939797,0.045647275650424,0.0815382427662144,0.112327920363441,0.139599579756975,0.291043184641978,0.0694444896782329,0.0167824690184943,3,46.03326852,-88.44891868
"7424",1.39195044209958,-0.441910780500052,0.236054005527762,0.18635644799383,-0.334970653877292,-0.764780758398103,-0.347767917085662,-0.0952146994282543,0.21288049308572,0.77077253743829,0.766324799773145,0.95877595827551,3,46.03326852,-87.62446055
"7429",1.77165921524772,-0.224083604564782,0.286613996729159,0.0417035174845637,-0.502429709664398,-0.972917905349505,-0.368455499652782,0.00999053547224094,0.345591098601858,0.926239451216077,0.894903298067163,1.34904946510414,3,46.03326852,-87.16642826
"7430",1.92752327956015,-0.119803757108798,0.325688632289371,0.00556263912039867,-0.568030310671247,-1.0300010264699,-0.378689027692133,0.0436895756157583,0.405635044078679,1.00409626404945,0.969455371696768,1.4911143019375,3,46.03326852,-87.0748218
"7588",0.363815036678261,0.469326264520816,0.216491897407423,0.659305263919748,0.663615203136601,0.118126098520861,0.163156060347262,0.194069325736109,0.177690900856476,0.338224629824083,0.122998469932838,0.0706674247106207,3,45.94166206,-88.17409931
"7593",0.959919261678237,-0.241830106002283,0.16069981289354,0.228568708148089,-0.0110789633796458,-0.472400126437492,-0.131941338819445,0.0144195459236585,0.210773622842567,0.67602379289508,0.578106346842617,0.666477666539379,3,45.94166206,-87.71606701
"7708",0.0339079976898233,0.0568882741481502,-0.416261980004606,-0.275513815185207,-0.752736688634229,-0.692016850469884,-0.653057424180531,-0.599608743664305,-0.357572237590261,-0.166111416608032,-0.246278662067084,0.13498643568056,3,45.8500556,-92.75442225
"7714",0.267818268548638,0.11924824018746,-0.134677727361122,0.0470019661419769,-0.231777852939786,-0.339227747090263,-0.421971018673617,-0.353410412722212,-0.174999729743149,0.0483119535339824,-0.0328657147569515,0.347995336208328,3,45.8500556,-92.20478349
"7733",-0.31273603292135,-0.245811499976867,0.0474101439281753,0.414707095617302,0.235772594513833,-0.0686005727893644,-0.276729600486135,-0.105921432298601,0.118258156307888,0.159535913555544,0.0128464974467306,0.116618408840282,3,45.8500556,-90.46426078
"7734",-0.356009981090267,-0.291948273986122,-0.00258042048142215,0.464261841743792,0.244583354594909,-0.0682015047453888,-0.296457908293974,-0.119241963430568,0.105815743675919,0.158575328342579,0.00616395647455192,0.110959802881951,3,45.8500556,-90.37265432
"7764",0.828543783113446,0.205229893974547,0.0318391199120924,0.0980113203858082,0.146518153078659,-0.426481281511599,-0.0491140266643697,0.0635444506828549,0.201327201724553,0.593349334820971,0.423235306803235,0.632222226983799,3,45.8500556,-87.62446055
"7776",2.77244359294906,0.84656187751159,0.568755079402763,-0.649114063456807,-1.03115351916665,-1.42628934788894,-0.745706356148162,0.00287431469678268,0.63805650221525,1.43193922309877,1.70514526722923,2.3981330224259,3,45.8500556,-86.52518305
"7903",-0.269696763847207,-0.185342573212949,0.116785525405078,0.317704059706784,0.186297760451396,-0.0905911776273456,-0.275271749555543,-0.105370874125015,0.115576409821756,0.138550866185255,0.000938113622737546,0.150236699317077,3,45.75844915,-90.46426078
"7908",-0.158075289231533,-0.333450681569389,-0.00771909004163263,0.614382921358015,0.273487208796325,-0.0766421570485818,-0.344217129884271,-0.164227584307866,0.0575613258749854,0.127221121706725,-0.0742150183657486,-0.031679024094899,3,45.75844915,-90.00622848
"7927",0.295557561462942,0.355733718662009,0.146375655365716,0.637359739830231,0.611580245196706,0.02114004156482,0.00317282081715575,0.0718454617731368,0.137954380921315,0.309144806231529,0.115971272506954,0.0243490276319562,3,45.75844915,-88.26570577
"7930",0.398060582995356,0.357777838400466,0.0988357385463132,0.484178379413606,0.573304088483781,-0.0513604536226921,0.0978399746898049,0.133253883828672,0.209001453775443,0.377825383623417,0.14897610633102,0.22924735046297,3,45.75844915,-87.99088639
"7931",0.448458526085687,0.346689372155083,0.0562707623402616,0.39130846657406,0.517009399895812,-0.111538403967586,0.105174427027805,0.129359436256948,0.217621886192148,0.384095754694442,0.161310628034698,0.306884026592627,3,45.75844915,-87.89927993
"7933",0.638376075803251,0.36444273166893,-0.0462579744190634,0.154969199104926,0.366475202048605,-0.291356174143459,0.0325078636550415,0.0700635684374902,0.18185200907169,0.437952926089508,0.171089852715284,0.51308695637033,3,45.75844915,-87.71606701
"8081",-0.115487335557873,-0.331459488097209,0.0635977987546426,0.61657006871917,0.248130381909732,-0.138268070946765,-0.384889825388882,-0.219557690372653,-0.00107454772683013,0.128976567095606,-0.0416793187060307,-0.0792567274050953,3,45.66684269,-89.73140911
"8097",0.234323880076431,0.270233673777852,0.107207796935199,0.590776882962984,0.553329587893529,-0.053363824481437,-0.0871616075787074,-0.00252431469442627,0.106480887240707,0.3207833527253,0.114257901354165,0.0572884109698748,3,45.66684269,-88.26570577
"8098",0.251093445689833,0.286008611474472,0.0929219284467422,0.55633782229944,0.580989310601808,-0.0375129178125349,-0.0448992553518792,0.0162736093403169,0.129918056993006,0.324405745138904,0.119557118386581,0.0909083150509673,3,45.66684269,-88.17409931
"8100",0.32665187084956,0.275459985043994,0.0466716154282381,0.439591942098787,0.549957791713041,-0.102899040870398,0.00313367206013027,0.0428296627522968,0.167996647974519,0.362480837086423,0.141850319798607,0.222471773550978,3,45.66684269,-87.99088639
"8101",0.383010496229133,0.286388312893564,0.0260069461435251,0.368669291219135,0.514985265868063,-0.147521821636587,0.0239529351272836,0.0533977668333137,0.193332957685186,0.377208436953708,0.146158610895839,0.308267020803271,3,45.66684269,-87.89927993
"8102",0.44766854315742,0.287617516430544,-0.0125112484328724,0.27158493717593,0.44642627509262,-0.223270364087966,0.0242980555995587,0.0546698757685817,0.201015783106413,0.393697208216054,0.156609999710668,0.426445859388934,3,45.66684269,-87.80767347
"8251",-0.154849081692078,-0.213843035643492,0.167110294967586,0.528259049768508,0.184145724236089,-0.190700764131975,-0.389341711502311,-0.255416526763838,-0.0331765044699068,0.0538408407438169,-0.0979222188749986,-0.101407593826423,3,45.57523623,-89.73140911
"8252",-0.156596962069443,-0.182640929870388,0.191615586606417,0.564683331111098,0.200843423981496,-0.206916913268515,-0.402815145951422,-0.269872469226868,-0.0454991426481683,0.0929619067685508,-0.0649633924815021,-0.080277096060172,3,45.57523623,-89.63980265
"8267",0.109061042916665,0.170613232729238,0.0670820941435295,0.506717354722184,0.487905554641202,-0.116408195458348,-0.141442254532365,-0.0598199756759641,0.0752390496782596,0.318163772882713,0.127794063439751,0.0519310129977271,3,45.57523623,-88.26570577
"8268",0.121288064374994,0.162952447259272,0.0454939898842781,0.46534902655867,0.500703867939819,-0.124571304564824,-0.115087919826408,-0.0563516120022882,0.0928239223217702,0.33649124091977,0.143762983016188,0.0996487126365651,3,45.57523623,-88.17409931
"8416",-0.311707894004655,-0.107761861914355,0.161955712449128,0.157354206512366,0.0528500204745228,-0.136626171951377,-0.226001276962961,-0.170330812921293,0.021251574053224,-0.0410806569599345,-0.0364326030903044,0.102771361386601,3,45.48362977,-90.1894414
"8437",-0.033168322224526,0.0666471160023434,0.0349443504281908,0.416615288780861,0.441234592557862,-0.150496572273141,-0.168253703217601,-0.0978281504768574,0.0694910505740722,0.320975241962969,0.152898473766243,0.0461438104629792,3,45.48362977,-88.26570577
"8438",-0.0347756031319477,0.0636231146713158,0.00550405111579266,0.366224833364242,0.458424834791629,-0.170979110245355,-0.14693101916663,-0.101415643525456,0.0920115790694354,0.337731543114216,0.159808415692112,0.0869404014212591,3,45.48362977,-88.17409931
"8440",0.0207928143403251,0.0600600181990671,-0.0403904362592584,0.288517583641976,0.475660638888883,-0.20945445740972,-0.1203273790602,-0.108354988097233,0.117467980331071,0.372240687888905,0.172109862034745,0.19780377444448,3,45.48362977,-87.99088639
"8441",0.0819329271157585,0.0626904224977238,-0.0593376730162163,0.249222986419795,0.486261082766191,-0.240657091150524,-0.10065704814582,-0.0962182615925826,0.153177540995387,0.400503252975284,0.175303425838024,0.288315189187472,3,45.48362977,-87.89927993
"8583",-0.256266175106475,-0.151004944432884,0.120702619560177,0.0327332947376817,-0.074884002534759,-0.118181114388847,-0.160526662925975,-0.158293024469913,-0.00148726031477509,-0.091358885737634,0.0998897703726698,0.137469209520816,3,45.39202331,-90.46426078
"8584",-0.308399009381901,-0.145326072662044,0.116145108125011,0.0498896986728141,-0.0468439890856303,-0.126000111685187,-0.168467903421288,-0.169478180458327,0.000369964578737836,-0.0858449511759432,0.0683458061458282,0.12358363416206,3,45.39202331,-90.37265432
"8605",-0.147783669800958,0.0404584482661789,0.0657451863240794,0.393651535092545,0.33790693912033,-0.186811107152778,-0.224407753937498,-0.138596844099538,0.0332250115624788,0.279056620567872,0.159867687319434,-0.0212861119907757,3,45.39202331,-88.44891868
"8606",-0.164739814229165,0.0150023823402989,0.0373598271411879,0.358295536790138,0.373226414837916,-0.175427333386551,-0.195278723150466,-0.128077384581047,0.0602718740046271,0.296970865450646,0.178037046286988,0.0020768511666347,3,45.39202331,-88.35731222
"8607",-0.167504808409717,-0.00297406768288511,0.0126212114444684,0.329862002577102,0.413955731678243,-0.164760599590295,-0.163928566368043,-0.119370814011575,0.0850600570277606,0.308385382151187,0.174073475194518,0.0246414765138638,3,45.39202331,-88.26570577
"8613",0.0297827616759605,-0.0148084586250548,-0.108525469949086,0.157084502021632,0.539952622997703,-0.288152152837995,-0.0883503227268534,-0.113121875527781,0.208705585678217,0.454879162777786,0.198272176939838,0.395049371150492,3,45.39202331,-87.71606701
"8647",0.249570503726829,0.289946909155105,0.353962422155064,1.08133475520066,0.45912990393515,-0.0584455316897561,-0.00148779204403127,0.171404767168951,0.245344032655112,0.46294011980558,0.219046962689788,0.19550368199998,3,45.39202331,-84.60144742
"8750",-0.140286771773162,-0.210327200402787,-0.0200892747661783,0.169557370771656,-0.133471000810175,-0.106358229592615,-0.145685089500034,-0.141612786701444,-0.0406220535741113,-0.124830158570944,0.119670628226856,0.0632161535115756,3,45.30041685,-90.73908015
"8751",-0.164280904712996,-0.197330090900437,0.00545771010416729,0.14756240814819,-0.13979994623844,-0.133204327206045,-0.169735223770829,-0.171787625974503,-0.0456148807731438,-0.133945018496888,0.118711853587968,0.0718529075972469,3,45.30041685,-90.64747369
"8755",-0.427480007972292,-0.232246854865764,0.00680398331019205,0.098612415941318,-0.0906168543286867,-0.164032553224558,-0.175449665486155,-0.215724856155077,-0.0359465235625294,-0.156110599157387,0.019823999798632,-0.0465253674467476,3,45.30041685,-90.28104786
"8760",-0.659157626106492,-0.262124784525497,0.0327846289421245,0.257913580000036,0.0430231556828744,-0.189669519673657,-0.245329005532426,-0.21878899164119,-0.024623965574051,-0.143249149604969,-0.148720696076396,-0.206380617034711,3,45.30041685,-89.82301556
"8761",-0.621176650030066,-0.226208513560209,0.061879204331035,0.306505168132674,0.0618996711111208,-0.194368189178249,-0.265384801046309,-0.230714570513896,-0.0353191267754482,-0.116181028898211,-0.145688694937462,-0.20371984176154,3,45.30041685,-89.73140911
"8776",-0.271207855562466,-0.0253830091667169,0.0203328962407454,0.275509142376507,0.337094569490716,-0.181802693817133,-0.173735031916692,-0.135982719981484,0.0913576744120519,0.295305798296283,0.208815221048667,-0.00530501243059689,3,45.30041685,-88.35731222
"8783",-0.133408247349507,-0.080307370585615,-0.121652556291622,0.145825121435166,0.594895318090266,-0.255051769023169,-0.0640582156226515,-0.118761429294011,0.227588262009249,0.445300606987644,0.224798726365691,0.312239015129649,3,45.30041685,-87.71606701
"8921",-0.254624553284714,-0.165286589245341,-0.0691525076504149,0.26078972361114,-0.150416438425907,-0.195237664661988,-0.218745600821762,-0.201994037819418,-0.0828109601922051,-0.159063574104948,0.0660385441573226,0.0438532598911934,3,45.20881039,-90.64747369
"8990",0.139235919520843,0.105663729993069,0.36549286765279,1.11358058685181,0.584574970462995,-0.0476077328170845,-0.0623696697731475,0.0622486465161955,0.213116553155089,0.412862835493797,0.217850106833339,0.189026402761613,3,45.20881039,-84.32662804
"8991",0.162539023678278,0.136037355837914,0.366938078393503,1.05986216895064,0.604734723055515,-0.0170374162338476,-0.0397497627430425,0.0937617018888659,0.233445431877328,0.44132994796297,0.272667343518549,0.244028998400438,3,45.20881039,-84.23502158
"9162",0.0865365066852064,0.0777011207291594,0.316490350611105,0.959673201327121,0.589775374918986,-0.0950860217430431,-0.110510616504598,0.0202130462985792,0.202249126710683,0.418380153768567,0.257187654055599,0.2139894246111,3,45.11720393,-84.14341512
"9496",-0.273438896143489,-0.310795576067164,0.15944337776159,0.842924456697517,0.406928847951406,-0.207644189803261,-0.247713664178264,-0.121176626363365,0.0408477937199336,0.245303063935182,-0.0215000920000534,-0.25798404145138,3,44.93399102,-84.69305387
"9499",-0.167092261296318,-0.256824695062505,0.239275105097192,0.981453558672854,0.533729811168996,-0.25585871056478,-0.310938847115722,-0.163402067613447,0.0433603233888675,0.265872843432078,0.0397949504699113,-0.158638322511592,3,44.93399102,-84.4182345
"9500",-0.135141845803219,-0.238162523782421,0.255287590606486,1.00084305756178,0.571890540891275,-0.261930420513863,-0.316893760631899,-0.169708374002312,0.046156418083342,0.27200723773143,0.063623715293943,-0.126876427486138,3,44.93399102,-84.32662804
"9501",-0.101743194317123,-0.202558679372657,0.271118571731506,0.999835980185196,0.595622273692072,-0.266265483032441,-0.317397676615712,-0.161683802870357,0.0623263051180629,0.291126267055574,0.097435221245405,-0.0786187602083714,3,44.93399102,-84.23502158
"9502",-0.0725981501180968,-0.166251333863443,0.283010171268529,0.975132188209898,0.610961654861171,-0.261154003384263,-0.307694584212925,-0.151268612794013,0.0765662124398432,0.315667840892047,0.141895001425951,-0.0237500472893544,3,44.93399102,-84.14341512
"9503",-0.0578900206620574,-0.142409424236121,0.280086045564872,0.938407354243793,0.625108415705995,-0.257184544833365,-0.299320169226803,-0.144526787624955,0.0941108255509562,0.328338513052472,0.17086836700463,0.0181651755347048,3,44.93399102,-84.05180866
"9596",-0.367856588884251,0.0453024023194644,0.0278440529722275,0.594369016018561,0.168780908611154,-0.075270593803225,-0.200531765030064,-0.0504665040416512,0.0432292454976846,0.0513984887376182,-0.0457371311620705,0.353063500680548,3,44.84238456,-91.10550599
"9671",-0.149741765444446,-0.300395507724545,0.261420736972241,1.01415317606484,0.608769592476847,-0.325198721937454,-0.400611766361067,-0.224206889361142,0.00715313883802082,0.248576722635789,0.0597573482036751,-0.174352295615734,3,44.84238456,-84.23502158
"9675",-0.0901958397893168,-0.124598978969914,0.290528902541666,0.861145405462992,0.621660682037032,-0.311689902715216,-0.381567893668944,-0.193899385675934,0.0565444228889191,0.324263241228437,0.227021210157432,0.0592451804536722,3,44.84238456,-83.86859575
"9677",-0.135234712599527,-0.0752121002430499,0.212126005185155,0.673046972484542,0.599272812835636,-0.295226695224528,-0.372594764236169,-0.195844996081064,0.0512687089999986,0.312940490703738,0.27011052094673,0.15815245370834,3,44.84238456,-83.68538283
"9768",-0.408222586671286,0.024125421564861,0.0721972651481906,0.514652921466052,0.0964679661574337,-0.191977360342605,-0.338050286659723,-0.173156108363457,-0.0187644749908031,0.000209455046274343,-0.108050649831,0.26350054469674,3,44.7507781,-90.92229307
"9833",-0.423045939363419,-0.343538757168972,0.0456780363958273,0.62514199333333,0.349951654594861,-0.191459573532427,-0.248627898636585,-0.0656543186944418,0.00523323225462491,0.19827988783328,0.013036360928254,-0.225886047310155,3,44.7507781,-84.96787325
"9845",-0.0918243686504638,-0.151827513067076,0.300788060180537,0.856244858364164,0.586259170347262,-0.363160066483772,-0.450076526664304,-0.240659831009282,0.00541154637727459,0.313827650851863,0.241203221060175,0.0302530979282096,3,44.7507781,-83.86859575
"9846",-0.128774328784687,-0.120180224976878,0.265650628689855,0.740920781728335,0.559209557164365,-0.36484243548847,-0.456728108851848,-0.251413209564816,-0.00988209937736428,0.303949661648176,0.264665498951388,0.0819657052292087,3,44.7507781,-83.77698929
"9849",-0.217291444391208,-7.06529120861887e-05,0.136533865840306,0.361103634475285,0.481436463391219,-0.314128096483842,-0.411396510164366,-0.230151212775468,-0.0391129518241087,0.27486014158336,0.334149170763851,0.242497533951394,3,44.7507781,-83.50216991
"9993",0.523869828537045,0.535149543502257,0.389588501157391,0.140720361296303,-0.0953591788889412,-0.118930641981478,0.0373879536898016,0.189104247173589,0.220319787932851,0.302023409830326,0.320698382546311,0.417874315624999,3,44.65917164,-85.88393784
"10002",-0.46027718664584,-0.358721488814808,-0.0125828232777963,0.588840284305547,0.384377219502369,-0.186836763449094,-0.242295225534747,-0.0473738649861275,0.00970301451388877,0.185140859626529,0.00598307537961773,-0.203770760995383,3,44.65917164,-85.05947971
"10013",-0.0739041940972243,-0.25626892872225,0.307585237879607,0.993169856512338,0.616419858969891,-0.375838056076361,-0.475128281759282,-0.253790649842585,-0.0258071350115756,0.300949448357983,0.18796986982403,-0.0716146674328684,3,44.65917164,-84.05180866
"10016",-0.105520064643542,-0.128994200775423,0.249530094824081,0.677341877577192,0.513055199004611,-0.37712760872455,-0.476287216909725,-0.269042061835648,-0.0583949296689639,0.302024755305581,0.288034248622694,0.062683717652817,3,44.65917164,-83.77698929
"10017",-0.122261085111177,-0.0925824575069214,0.193709248581001,0.546499752098782,0.473638822685132,-0.370572262678252,-0.470452769682879,-0.269120986405085,-0.0722596344236308,0.287998600765434,0.300079877819428,0.115473909481466,3,44.65917164,-83.68538283
"10109",-0.383509508601833,-0.0662248272106467,0.173956738999948,0.470703454999978,0.0482538793750109,-0.222931660162033,-0.426157229641206,-0.271605303782394,-0.0791580307615618,0.0076019712962534,-0.0670357235162555,0.168642730624981,3,44.56756518,-90.83068661
"10168",-0.291104959481515,-0.120798806055575,0.0545927298333595,0.477790026543232,0.250833338263931,-0.142714058509284,-0.123990546502228,0.0376956862014026,0.0663127628449161,0.187923055009264,0.0396859702430561,-0.1054426892847,3,44.56756518,-85.42590554
"10171",-0.460835166270783,-0.349221923282414,-0.0468088482360827,0.586749014367285,0.400877011527768,-0.184789693027824,-0.226664996673719,-0.0306584189374917,0.0144755816967859,0.171124028151212,-0.00212807756713573,-0.175600891215311,3,44.56756518,-85.15108617
"10175",-0.501716188814839,-0.447929729011548,0.0428102220786855,0.809705296929053,0.537146040138907,-0.278867101187529,-0.364054825312508,-0.127810883025518,-0.039052683319369,0.179093718049444,0.0314741645509002,-0.191571203543958,3,44.56756518,-84.78466033
"10181",-0.133223096798645,-0.382373504138855,0.239195136314834,1.06157623970682,0.674764661493043,-0.362266268604174,-0.475292078435245,-0.242838240805554,-0.0525844634976806,0.279989116453692,0.127538813569458,-0.135622173224476,3,44.56756518,-84.23502158
"10183",-0.0705490417985857,-0.290202828682879,0.272201890814813,0.951754370416666,0.625607295775467,-0.355626074962913,-0.464587038050922,-0.245797728212949,-0.0518887885925778,0.309186920185198,0.199592561513896,-0.0702217379791819,3,44.56756518,-84.05180866
"10343",-0.54988053851622,-0.495520682400411,-0.0618006938333338,0.726448796234592,0.537083831794007,-0.222126242597255,-0.283154610631982,-0.051596387546283,-0.0147618920324248,0.154662543947552,0.0128960439097909,-0.182949983164349,3,44.47595872,-84.96787325
"10348",-0.402260633842616,-0.525953355013883,0.116362562365737,1.01081475104939,0.670101887187514,-0.310226191365757,-0.428386486289355,-0.180958995872743,-0.0493831744953468,0.223327808663555,0.0713579661921244,-0.172080225886589,3,44.47595872,-84.50984096
"10350",-0.241561075321727,-0.474302950333367,0.176111710717578,1.06427657544754,0.700600592673652,-0.316493028319428,-0.441092045953667,-0.209224757581012,-0.0544924175324013,0.275980632759229,0.113671713321821,-0.146940158120401,3,44.47595872,-84.32662804
"10351",-0.171813779300919,-0.442493157523131,0.209752177233781,1.05779927069443,0.693791627685187,-0.315242007185134,-0.444799618006925,-0.223392231437515,-0.0581690047569623,0.2934206909012,0.135262036481492,-0.145816930995409,3,44.47595872,-84.23502158
"10352",-0.109866780928257,-0.391093934206026,0.237633932703716,1.01241751268515,0.675204977222222,-0.310613580798588,-0.440287122490702,-0.226764256486092,-0.058421518261639,0.312720810067958,0.15996351051848,-0.137625469078671,3,44.47595872,-84.14341512
"10508",-0.352666850715252,-0.182260583805601,0.0655052477175673,0.514595097500035,0.313172008263905,-0.181250507567142,-0.157929759057879,0.0209570478633623,0.0445232509467814,0.166440566095673,0.0294510176689755,-0.100556987400466,3,44.38435226,-85.42590554
"10517",-0.588257490546312,-0.656228596395806,-0.00395734382402679,0.981083915061731,0.705819510752292,-0.240946713645826,-0.361353463173543,-0.130419693932936,-0.045044775159738,0.184849237219112,0.0215037963379814,-0.218912680997732,3,44.38435226,-84.60144742
"10519",-0.409531021111093,-0.574814918314814,0.103934585557852,1.0534588544599,0.731622701504591,-0.246659747379567,-0.384754241053258,-0.164392222993058,-0.0476478641551239,0.254230464274656,0.0788791052569877,-0.189066326106456,3,44.38435226,-84.4182345
"10520",-0.306519327122658,-0.528128538710632,0.147916104354124,1.06612268251541,0.731714003333366,-0.241324089689783,-0.388251980141206,-0.171031291428278,-0.045276771155045,0.281786936212939,0.108758858462977,-0.180133277097241,3,44.38435226,-84.32662804
"10526",0.151614218599548,-0.204188450062475,0.234398757469933,0.710240328441387,0.550422254745342,-0.190774422905122,-0.383443741541669,-0.25319177044446,-0.0585033162731179,0.419403156169778,0.251040666773122,-0.0888732650070096,3,44.38435226,-83.77698929
"10527",0.205908142027795,-0.15941336803013,0.217963737990772,0.598103500416698,0.497011828414315,-0.186025464254612,-0.385799504043973,-0.264395132527795,-0.0618911748078972,0.428521127802469,0.263411252798619,-0.0630081176597628,3,44.38435226,-83.68538283
"10669",0.244381957273163,0.307640848629603,0.360717063928234,0.0509812376697596,0.0899010859374698,0.0150132975902579,0.0863788486643671,0.182714280562493,0.186192986562503,0.251237821675943,0.391863749905099,0.243873166627282,3,44.29274581,-86.25036367
"10671",0.103450506273134,0.224780765921309,0.313693071078717,0.204317931666651,0.114751550856454,-0.0666243775463045,-0.0196236284235738,0.0954362086318952,0.116933162356418,0.191166815731435,0.215877295648113,0.0669855439630282,3,44.29274581,-86.06715076
"10672",0.0344159098541468,0.170066520187504,0.283226847511571,0.270746347947522,0.131757017638904,-0.100648829217619,-0.0606980331041882,0.0643756320278044,0.0911966059699125,0.16677887487657,0.149917990317135,0.000789646907378483,3,44.29274581,-85.9755443
"10683",-0.849527084835699,-0.752587459532378,-0.172410904236131,0.732952600463022,0.611243336296297,-0.177478433372642,-0.224677196009338,-0.0254108783310016,-0.0279253920809879,0.116268371194394,-0.0543891284050915,-0.261909143831019,3,44.29274581,-84.96787325
"10684",-0.874588919756945,-0.777513536201354,-0.17200997399533,0.791068530339487,0.664211704629622,-0.169260041368034,-0.2417889901065,-0.0358569933958393,-0.0373292535022642,0.118876868006168,-0.0628456344815049,-0.288338469537052,3,44.29274581,-84.87626679
"10686",-0.802508806620381,-0.807155935236096,-0.131285411037027,0.909952323132757,0.749890676469931,-0.15767319558563,-0.271368500224526,-0.0732838147476969,-0.0397823463819691,0.150564198083316,-0.038626530650447,-0.286717284717554,3,44.29274581,-84.69305387
"10688",-0.635915685923578,-0.751318218805523,-0.0472881220485988,1.00808907413585,0.786676402962996,-0.154283963113414,-0.301112171368061,-0.105382654520838,-0.0438195399675578,0.20793674170676,0.00753506096759793,-0.281968009988418,3,44.29274581,-84.50984096
"10689",-0.512655629377321,-0.683410138946783,0.0182957683819041,1.03923617779321,0.777885125243074,-0.146822643412065,-0.307973313756975,-0.117047997754639,-0.0384944858541871,0.244230878947576,0.0421649518958134,-0.264294135134264,3,44.29274581,-84.4182345
"10696",0.20949496778934,-0.2389337956227,0.24994350516431,0.773023208132713,0.549329378275445,-0.123963530662024,-0.37077122086805,-0.26030996517585,-0.0491840494398161,0.446742962524638,0.220768621296315,-0.182551184064835,3,44.29274581,-83.77698929
"10697",0.274725193090205,-0.179761850877298,0.249666862701474,0.644948012330246,0.502428470405107,-0.130829693094881,-0.382078014932858,-0.295847052638919,-0.054504174759245,0.471220843092624,0.225413870222269,-0.163431250798681,3,44.29274581,-83.68538283
"10791",-0.134332838368039,-0.017604783659749,0.328402534388886,0.465416142731499,-0.0672725985185707,-0.233367986016219,-0.469039400388908,-0.32949874505789,-0.080376887601858,0.0375090902283546,0.016198077564809,0.166519314773097,3,44.20113935,-90.64747369
"10796",-0.233647366912066,-0.0479754270763806,0.311398030243026,0.330226203410518,-0.27694122510411,-0.446859589141241,-0.618871900870374,-0.47102581191433,-0.240060674793995,-0.0846499243703533,-0.109211437256931,0.154269406097228,3,44.20113935,-90.1894414
"10842",-0.0384091313888462,0.108835857743031,0.257479984652775,0.301896147206776,0.153747285104146,-0.119944324127289,-0.102179768074052,0.0290100330254859,0.0753768455532509,0.17229234203711,0.16540915835651,-0.0466517778287425,3,44.20113935,-85.9755443
"10843",-0.108011508442132,0.050336168800925,0.232328288194424,0.36027349401229,0.170927151817125,-0.151469320919034,-0.127496696182902,0.0173860091064739,0.057610255215252,0.156886364015463,0.120604628569424,-0.0879907315463129,3,44.20113935,-85.88393784
"10853",-0.929800056337967,-0.797714888381961,-0.16948032683564,0.732017502901215,0.622534061828674,-0.150708635861122,-0.192389527319506,-0.00759120291434101,-0.0347483237453616,0.126160386632705,-0.0728123741781701,-0.29585718894441,3,44.20113935,-84.96787325
"10854",-0.973385097055484,-0.867238765495415,-0.202538831210632,0.784792398317904,0.69015655996526,-0.134030397363404,-0.197655194101856,-0.0190816173310395,-0.0391261987800817,0.117554890601866,-0.0858870423982125,-0.322590850386575,3,44.20113935,-84.87626679
"10856",-0.928811059428256,-0.890530987868033,-0.183129390553233,0.897306088965991,0.780681538229146,-0.0900019122939852,-0.211768998152763,-0.0429432961851148,-0.0395818716273197,0.146080374064809,-0.0770200025971803,-0.3602887014722,3,44.20113935,-84.69305387
"10857",-0.865673031439883,-0.868376136115785,-0.162322068282378,0.945583015015416,0.810680581319446,-0.0739748590671638,-0.222144303770847,-0.0606525595972016,-0.0413606016990684,0.164781307848784,-0.0697125719444784,-0.372131704319486,3,44.20113935,-84.60144742
"10862",-0.225640997775486,-0.524495437900441,0.0935412233217221,1.02480066785495,0.732691397812459,-0.0316110173194488,-0.266597850564835,-0.136181153527787,-0.0263965936412092,0.322933394540144,0.0843891214259429,-0.334162029104164,3,44.20113935,-84.14341512
"11012",-0.0926557587268348,0.0480160436203505,0.244134061708337,0.34611035304016,0.166446328287009,-0.117736990217566,-0.116374283918958,0.0246812865925676,0.0707010070069032,0.195256620638872,0.205953187078705,-0.0728779333819602,3,44.10953289,-85.9755443
"11013",-0.171034875738428,-0.0172152292823853,0.216814756662018,0.409062264583326,0.189020834872679,-0.152721876060184,-0.148081138282407,-0.00206490116210034,0.036582016481475,0.168458242802444,0.147093900606478,-0.123907697863444,3,44.10953289,-85.88393784
"11014",-0.251238184974511,-0.0906597906064803,0.190133214180605,0.455327075000014,0.216340595983752,-0.173122617824106,-0.161130610224518,-0.00704001864119164,0.0186763147268039,0.155041457861103,0.10467199950466,-0.155151487722264,3,44.10953289,-85.79233138
"11035",-0.0309524205856633,-0.407727409442145,0.0825720563055938,0.908428717253116,0.619843798229169,0.00328705802542117,-0.301968962224521,-0.24524826190742,-0.0412648499676038,0.369829757919717,0.0730559336411716,-0.447580966108831,3,44.10953289,-83.86859575
"11182",-0.142405436567117,-0.0198570163217369,0.2279077297801,0.403918185154339,0.184716275995356,-0.107937864833389,-0.131256048363468,0.0199221419861146,0.0609587724398466,0.198764953466025,0.221089785159734,-0.12541263470365,3,44.01792643,-85.9755443
"11183",-0.218810878472254,-0.0882827045069234,0.206570439409745,0.462322154845651,0.206921262256913,-0.132304642490737,-0.142924069636592,0.00478326894210568,0.036627214606483,0.177296752660425,0.163940617560229,-0.174284184935175,3,44.01792643,-85.88393784
"11184",-0.29870980479393,-0.156626235678232,0.186889319622708,0.519626619320945,0.241315994166712,-0.152735354833283,-0.15940061025691,-0.00718096575462823,0.0109857837638287,0.165603515990767,0.129804064909706,-0.194491679287012,3,44.01792643,-85.79233138
"11185",-0.396863719423607,-0.245421039770861,0.156753144092534,0.56827357817906,0.271548161215264,-0.179235867162049,-0.180393104810207,-0.0216739743102039,-0.0180210705162267,0.150671821694459,0.088050941620395,-0.223393952199046,3,44.01792643,-85.70072492
"11191",-0.821276053469887,-0.57000932518747,0.0190687152199303,0.724505066944459,0.546665881354159,-0.136521428006915,-0.136606242101834,0.0053391011759345,-0.0439017847638752,0.169592022074085,0.00764675196990083,-0.268288256442133,3,44.01792643,-85.15108617
"11200",-0.870348952449092,-0.862044220981488,-0.207556887247677,0.939188954891961,0.842857202662003,0.0882884944143711,-0.156732761465264,-0.100502596208344,-0.0659989732592976,0.178295754774695,-0.171146237030086,-0.638685488643489,3,44.01792643,-84.32662804
"11351",-0.0738083019838314,0.0198295276528029,0.241734195342588,0.347998544753068,0.185762222523124,-0.05408626486809,-0.0782213369050737,0.0642371800879573,0.097126494745396,0.227604007891955,0.291353627071771,-0.0880726815277626,3,43.92631997,-86.06715076
"11352",-0.156456809169015,-0.0695733119189867,0.2201170602454,0.433320035709926,0.210864852870372,-0.083258809097174,-0.118569611398186,0.0297464445740729,0.0591649903842608,0.197802979157416,0.214364681965264,-0.181336968351843,3,43.92631997,-85.9755443
"11353",-0.248326355557879,-0.153795120467578,0.191659073203709,0.503511867577174,0.234331825543904,-0.111264853497687,-0.147747788206061,0.00415918508565483,0.0231485203588022,0.17145015928088,0.151055858928203,-0.24673315821525,3,43.92631997,-85.88393784
"11354",-0.332220050074056,-0.22899156950001,0.168951587347237,0.56627836180553,0.26134906351848,-0.133057400786981,-0.167678933069453,-0.0101171009329164,-0.00904657798145081,0.151762664521584,0.108536911907379,-0.277643371395868,3,43.92631997,-85.79233138
"11370",-0.992577217199084,-0.880463306886611,-0.261332715057847,0.875236240401193,0.772943803599503,0.0719399620763852,-0.159393619694413,-0.138683042009291,-0.0970833762569328,0.135482447407355,-0.272775211599537,-0.775863543983803,3,43.92631997,-84.32662804
"11521",-0.0650911959328369,-0.00135752557866908,0.231049397312518,0.36487028202157,0.201723889884249,-0.0320229765925433,-0.0751595150463231,0.0685258601272949,0.0860002907292028,0.21458151852471,0.265131941993047,-0.11221396561109,3,43.83471351,-86.06715076
"11522",-0.16163400273382,-0.0910441144189917,0.208415402016215,0.455044975817941,0.23178003224541,-0.0540329599259621,-0.106569399386501,0.036550932643479,0.049585645578702,0.183630433311691,0.186589650233827,-0.209518318715311,3,43.83471351,-85.9755443
"11523",-0.24940399518988,-0.185421927659718,0.179913018588024,0.522311906342622,0.255455604976873,-0.0785874268865427,-0.134654836388904,0.0180276555856267,0.0129145510810531,0.152420308030855,0.11464688308331,-0.301870708351885,3,43.83471351,-85.88393784
"11524",-0.3363264051643,-0.269051932025491,0.152724500678289,0.570325258533956,0.282460894606459,-0.0938977055786836,-0.14521884453012,0.0037064276157821,-0.0202647129953561,0.134588666543209,0.0673056574282782,-0.35095539019909,3,43.83471351,-85.79233138
"11693",-0.243591655564785,-0.184457240493089,0.170373860157383,0.48325032419757,0.276066393993005,-0.0351982775648025,-0.0990570766828682,0.038711464967605,0.000622177601826479,0.122306382552495,0.0717935717453884,-0.314949540080988,3,43.74310705,-85.88393784
"11694",-0.340743476449006,-0.281667151203692,0.137095170717544,0.537745478395095,0.300767718078703,-0.0450444600069204,-0.112750466384284,0.0285752319050516,-0.0362661512824047,0.0960813636913258,0.00251462062266228,-0.408691551696791,3,43.74310705,-85.79233138
