"","x"
"13",6
"14",7
"127",47
"149",58
"153",62
"154",63
"155",64
"174",73
"179",78
"180",79
"181",80
"182",81
"184",82
"204",94
"212",102
"213",103
"214",104
"215",105
"237",118
"240",121
"244",123
"245",124
"246",125
"268",134
"270",136
"275",141
"276",142
"279",143
"282",145
"283",146
"308",161
"316",167
"317",168
"318",169
"321",171
"323",173
"324",174
"327",177
"329",178
"361",191
"362",192
"363",193
"364",194
"365",195
"366",196
"367",197
"368",198
"370",200
"372",202
"400",213
"401",214
"402",215
"404",217
"405",218
"407",220
"408",221
"409",222
"410",223
"411",224
"412",225
"413",226
"415",228
"448",247
"449",248
"450",249
"451",250
"454",253
"455",254
"457",256
"458",257
"459",258
"483",267
"493",274
"495",276
"496",277
"497",278
"500",281
"501",282
"502",283
"503",284
"536",300
"537",301
"538",302
"543",307
"546",310
"548",312
"549",313
"550",314
"551",315
"575",326
"576",327
"577",328
"578",329
"579",330
"580",331
"583",333
"584",334
"586",336
"587",337
"589",339
"590",340
"591",341
"592",342
"594",344
"598",348
"599",349
"600",350
"601",351
"621",357
"622",358
"623",359
"626",361
"627",362
"628",363
"629",364
"630",365
"632",367
"633",368
"636",371
"639",374
"644",379
"645",380
"649",384
"652",386
"654",388
"657",390
"675",397
"676",398
"678",400
"680",402
"681",403
"682",404
"685",407
"686",408
"687",409
"688",410
"689",411
"690",412
"691",413
"692",414
"693",415
"696",418
"697",419
"698",420
"699",421
"700",422
"706",428
"708",430
"710",432
"741",448
"742",449
"743",450
"744",451
"745",452
"746",453
"747",454
"748",455
"749",456
"752",458
"754",460
"757",463
"759",465
"761",467
"762",468
"763",469
"765",471
"768",474
"769",475
"770",476
"772",477
"777",482
"780",485
"782",487
"800",495
"805",500
"806",501
"809",504
"810",505
"811",506
"813",508
"815",510
"817",512
"818",513
"819",514
"825",519
"830",523
"835",527
"837",529
"841",533
"844",535
"845",536
"847",538
"848",539
"849",540
"850",541
"851",542
"866",546
"871",548
"872",549
"873",550
"874",551
"875",552
"877",554
"881",558
"883",560
"884",561
"885",562
"887",564
"888",565
"889",566
"891",568
"893",569
"894",570
"895",571
"896",572
"897",573
"898",574
"899",575
"900",576
"901",577
"902",578
"903",579
"909",583
"911",585
"912",586
"914",588
"918",592
"919",593
"921",595
"937",601
"942",605
"943",606
"947",610
"952",615
"954",617
"955",618
"956",619
"957",620
"958",621
"960",623
"963",625
"967",629
"970",632
"971",633
"972",634
"979",639
"980",640
"982",642
"983",643
"984",644
"986",646
"987",647
"988",648
"989",649
"1006",660
"1010",663
"1012",665
"1019",671
"1020",672
"1021",673
"1022",674
"1024",675
"1026",677
"1027",678
"1029",680
"1031",681
"1037",687
"1042",692
"1043",693
"1048",698
"1049",699
"1050",700
"1051",701
"1053",703
"1071",708
"1072",709
"1073",710
"1076",713
"1079",714
"1083",716
"1085",718
"1086",719
"1087",720
"1089",722
"1093",726
"1094",727
"1095",728
"1096",729
"1098",731
"1100",733
"1101",734
"1102",735
"1107",740
"1112",745
"1114",747
"1115",748
"1116",749
"1133",755
"1134",756
"1135",757
"1138",760
"1139",761
"1140",762
"1141",763
"1142",764
"1146",768
"1147",769
"1148",770
"1151",773
"1152",774
"1153",775
"1155",777
"1157",779
"1158",780
"1159",781
"1160",782
"1161",783
"1167",789
"1168",790
"1170",792
"1171",793
"1173",795
"1174",796
"1175",797
"1176",798
"1192",805
"1193",806
"1194",807
"1195",808
"1196",809
"1197",810
"1198",811
"1199",812
"1201",814
"1202",815
"1207",819
"1209",821
"1211",823
"1213",825
"1214",826
"1215",827
"1216",828
"1217",829
"1227",838
"1232",843
"1233",844
"1234",845
"1235",846
"1249",851
"1250",852
"1251",853
"1252",854
"1253",855
"1254",856
"1255",857
"1256",858
"1263",863
"1265",865
"1267",866
"1271",870
"1272",871
"1273",872
"1274",873
"1277",875
"1278",876
"1280",878
"1281",879
"1284",882
"1289",887
"1290",888
"1291",889
"1292",890
"1306",895
"1307",896
"1309",897
"1310",898
"1311",899
"1312",900
"1313",901
"1314",902
"1315",903
"1316",904
"1320",908
"1321",909
"1326",912
"1327",913
"1328",914
"1332",918
"1333",919
"1336",922
"1337",923
"1340",926
"1341",927
"1342",928
"1344",930
"1346",932
"1347",933
"1348",934
"1363",940
"1365",942
"1366",943
"1368",945
"1369",946
"1371",948
"1373",950
"1376",953
"1378",955
"1382",959
"1384",961
"1391",964
"1392",965
"1394",967
"1399",972
"1400",973
"1401",974
"1402",975
"1405",976
"1407",977
"1421",983
"1424",986
"1427",988
"1428",989
"1429",990
"1430",991
"1431",992
"1433",994
"1434",995
"1436",997
"1437",998
"1439",1000
"1440",1001
"1449",1009
"1453",1011
"1454",1012
"1455",1013
"1456",1014
"1457",1015
"1458",1016
"1459",1017
"1460",1018
"1461",1019
"1467",1023
"1468",1024
"1485",1033
"1487",1035
"1488",1036
"1491",1039
"1493",1041
"1496",1044
"1498",1046
"1499",1047
"1500",1048
"1501",1049
"1508",1055
"1513",1060
"1515",1062
"1516",1063
"1518",1065
"1519",1066
"1520",1067
"1522",1068
"1523",1069
"1526",1072
"1544",1084
"1545",1085
"1546",1086
"1548",1088
"1549",1089
"1550",1090
"1551",1091
"1554",1094
"1555",1095
"1558",1098
"1565",1105
"1566",1106
"1567",1107
"1570",1110
"1571",1111
"1574",1114
"1575",1115
"1576",1116
"1577",1117
"1584",1122
"1601",1131
"1606",1134
"1607",1135
"1608",1136
"1610",1138
"1611",1139
"1628",1156
"1629",1157
"1632",1160
"1633",1161
"1640",1162
"1647",1167
"1668",1176
"1670",1178
"1671",1179
"1672",1180
"1673",1181
"1674",1182
"1675",1183
"1677",1185
"1691",1199
"1693",1200
"1697",1201
"1698",1202
"1701",1203
"1702",1204
"1703",1205
"1704",1206
"1729",1218
"1735",1223
"1736",1224
"1740",1228
"1753",1241
"1758",1242
"1759",1243
"1760",1244
"1761",1245
"1762",1246
"1763",1247
"1768",1249
"1793",1260
"1797",1264
"1798",1265
"1817",1280
"1822",1281
"1825",1283
"1826",1284
"1829",1287
"1831",1289
"1835",1290
"1836",1291
"1841",1296
"1845",1299
"1864",1310
"1868",1314
"1869",1315
"1870",1316
"1871",1317
"1879",1325
"1887",1332
"1888",1333
"1889",1334
"1890",1335
"1891",1336
"1892",1337
"1894",1339
"1895",1340
"1896",1341
"1898",1343
"1900",1345
"1901",1346
"1902",1347
"1906",1348
"1910",1351
"1911",1352
"1913",1354
"1916",1357
"1917",1358
"1918",1359
"1920",1360
"1921",1361
"1922",1362
"1945",1375
"1947",1377
"1949",1378
"1950",1379
"1951",1380
"1952",1381
"1964",1392
"1967",1395
"1968",1396
"1970",1398
"1971",1399
"1972",1400
"1976",1404
"1977",1405
"1979",1407
"1981",1409
"1985",1410
"1990",1415
"1994",1419
"1995",1420
"1998",1423
"1999",1424
"2001",1426
"2002",1427
"2003",1428
"2005",1430
"2006",1431
"2030",1438
"2031",1439
"2032",1440
"2050",1457
"2051",1458
"2052",1459
"2054",1461
"2057",1464
"2058",1465
"2059",1466
"2060",1467
"2061",1468
"2062",1469
"2063",1470
"2064",1471
"2065",1472
"2078",1481
"2079",1482
"2080",1483
"2081",1484
"2083",1486
"2084",1487
"2085",1488
"2086",1489
"2087",1490
"2088",1491
"2093",1496
"2094",1497
"2095",1498
"2119",1509
"2122",1512
"2132",1521
"2136",1525
"2138",1527
"2139",1528
"2140",1529
"2141",1530
"2143",1532
"2146",1535
"2147",1536
"2148",1537
"2149",1538
"2150",1539
"2154",1540
"2155",1541
"2158",1544
"2164",1550
"2165",1551
"2166",1552
"2169",1555
"2171",1557
"2176",1562
"2177",1563
"2178",1564
"2179",1565
"2182",1568
"2207",1579
"2211",1582
"2215",1585
"2225",1595
"2228",1598
"2231",1600
"2233",1602
"2237",1606
"2239",1608
"2240",1609
"2241",1610
"2242",1611
"2246",1613
"2247",1614
"2248",1615
"2250",1616
"2251",1617
"2252",1618
"2253",1619
"2254",1620
"2258",1622
"2259",1623
"2263",1627
"2264",1628
"2266",1630
"2269",1633
"2270",1634
"2275",1639
"2280",1643
"2281",1644
"2287",1648
"2309",1655
"2315",1658
"2320",1662
"2324",1666
"2330",1672
"2331",1673
"2332",1674
"2333",1675
"2334",1676
"2336",1678
"2341",1683
"2342",1684
"2343",1685
"2344",1686
"2347",1689
"2349",1691
"2350",1692
"2352",1694
"2353",1695
"2355",1697
"2356",1698
"2357",1699
"2358",1700
"2359",1701
"2360",1702
"2361",1703
"2362",1704
"2363",1705
"2365",1707
"2368",1710
"2370",1711
"2371",1712
"2372",1713
"2373",1714
"2376",1716
"2385",1720
"2389",1724
"2426",1742
"2427",1743
"2428",1744
"2437",1753
"2439",1755
"2443",1759
"2445",1761
"2449",1765
"2450",1766
"2451",1767
"2452",1768
"2454",1770
"2455",1771
"2456",1772
"2458",1774
"2460",1776
"2461",1777
"2462",1778
"2463",1779
"2464",1780
"2465",1781
"2466",1782
"2467",1783
"2468",1784
"2470",1786
"2471",1787
"2473",1789
"2477",1792
"2479",1794
"2480",1795
"2483",1796
"2484",1797
"2485",1798
"2487",1800
"2500",1811
"2501",1812
"2505",1816
"2546",1837
"2547",1838
"2553",1844
"2555",1846
"2556",1847
"2557",1848
"2558",1849
"2559",1850
"2560",1851
"2562",1853
"2564",1855
"2565",1856
"2567",1858
"2569",1860
"2570",1861
"2571",1862
"2572",1863
"2573",1864
"2574",1865
"2575",1866
"2576",1867
"2577",1868
"2578",1869
"2579",1870
"2580",1871
"2581",1872
"2583",1874
"2584",1875
"2585",1876
"2586",1877
"2588",1879
"2589",1880
"2590",1881
"2592",1883
"2594",1885
"2595",1886
"2596",1887
"2597",1888
"2601",1892
"2604",1895
"2616",1905
"2617",1906
"2618",1907
"2619",1908
"2622",1911
"2625",1914
"2627",1915
"2667",1933
"2669",1934
"2674",1938
"2677",1941
"2678",1942
"2679",1943
"2682",1946
"2683",1947
"2687",1951
"2689",1953
"2690",1954
"2691",1955
"2692",1956
"2693",1957
"2694",1958
"2695",1959
"2697",1961
"2699",1963
"2702",1966
"2703",1967
"2704",1968
"2705",1969
"2706",1970
"2708",1972
"2709",1973
"2710",1974
"2712",1975
"2713",1976
"2714",1977
"2716",1979
"2720",1983
"2721",1984
"2722",1985
"2723",1986
"2724",1987
"2731",1993
"2737",1997
"2742",2002
"2744",2004
"2749",2009
"2752",2010
"2790",2026
"2793",2028
"2794",2029
"2795",2030
"2799",2033
"2800",2034
"2801",2035
"2802",2036
"2804",2038
"2805",2039
"2811",2045
"2812",2046
"2813",2047
"2814",2048
"2815",2049
"2816",2050
"2817",2051
"2822",2056
"2823",2057
"2824",2058
"2825",2059
"2826",2060
"2827",2061
"2828",2062
"2833",2067
"2835",2069
"2838",2070
"2839",2071
"2840",2072
"2844",2076
"2846",2078
"2847",2079
"2848",2080
"2853",2085
"2854",2086
"2855",2087
"2862",2093
"2865",2095
"2866",2096
"2872",2102
"2873",2103
"2875",2104
"2917",2117
"2918",2118
"2920",2120
"2921",2121
"2922",2122
"2923",2123
"2924",2124
"2925",2125
"2926",2126
"2927",2127
"2928",2128
"2929",2129
"2931",2131
"2932",2132
"2933",2133
"2934",2134
"2935",2135
"2936",2136
"2938",2137
"2940",2138
"2941",2139
"2943",2141
"2946",2144
"2947",2145
"2950",2148
"2958",2156
"2961",2159
"2962",2160
"2963",2161
"2967",2164
"2968",2165
"2970",2167
"2971",2168
"2972",2169
"2974",2171
"2976",2173
"2977",2174
"2979",2176
"2983",2177
"2985",2179
"2987",2181
"2994",2188
"2995",2189
"2997",2190
"2998",2191
"2999",2192
"3040",2205
"3042",2207
"3045",2210
"3047",2211
"3049",2213
"3050",2214
"3051",2215
"3054",2217
"3055",2218
"3056",2219
"3057",2220
"3058",2221
"3059",2222
"3060",2223
"3061",2224
"3063",2226
"3065",2228
"3066",2229
"3067",2230
"3068",2231
"3070",2233
"3071",2234
"3072",2235
"3073",2236
"3081",2243
"3082",2244
"3083",2245
"3084",2246
"3085",2247
"3086",2248
"3092",2253
"3093",2254
"3098",2259
"3099",2260
"3100",2261
"3101",2262
"3104",2264
"3105",2265
"3107",2267
"3108",2268
"3113",2272
"3114",2273
"3115",2274
"3117",2276
"3118",2277
"3119",2278
"3121",2280
"3123",2281
"3161",2299
"3165",2302
"3167",2304
"3171",2307
"3172",2308
"3173",2309
"3179",2315
"3181",2317
"3182",2318
"3183",2319
"3184",2320
"3185",2321
"3187",2323
"3188",2324
"3189",2325
"3191",2327
"3195",2331
"3196",2332
"3199",2335
"3201",2337
"3204",2340
"3205",2341
"3206",2342
"3207",2343
"3208",2344
"3210",2345
"3211",2346
"3213",2348
"3214",2349
"3216",2350
"3217",2351
"3219",2353
"3220",2354
"3221",2355
"3224",2358
"3226",2360
"3229",2362
"3231",2364
"3234",2367
"3237",2370
"3239",2372
"3240",2373
"3242",2375
"3285",2394
"3286",2395
"3287",2396
"3296",2404
"3302",2410
"3303",2411
"3306",2414
"3307",2415
"3309",2417
"3310",2418
"3311",2419
"3312",2420
"3314",2422
"3318",2426
"3322",2429
"3323",2430
"3324",2431
"3326",2433
"3328",2435
"3329",2436
"3332",2439
"3334",2441
"3336",2442
"3337",2443
"3338",2444
"3340",2446
"3343",2448
"3347",2452
"3353",2455
"3361",2462
"3362",2463
"3364",2465
"3366",2467
"3367",2468
"3373",2471
"3409",2485
"3410",2486
"3426",2502
"3427",2503
"3431",2507
"3432",2508
"3433",2509
"3434",2510
"3435",2511
"3437",2513
"3441",2517
"3443",2519
"3444",2520
"3447",2523
"3449",2525
"3450",2526
"3455",2531
"3457",2533
"3458",2534
"3460",2536
"3462",2538
"3465",2541
"3466",2542
"3468",2544
"3471",2547
"3472",2548
"3473",2549
"3474",2550
"3476",2552
"3478",2554
"3481",2556
"3486",2560
"3487",2561
"3488",2562
"3489",2563
"3493",2566
"3494",2567
"3548",2599
"3551",2602
"3552",2603
"3554",2605
"3555",2606
"3556",2607
"3557",2608
"3559",2609
"3560",2610
"3561",2611
"3562",2612
"3564",2614
"3567",2617
"3568",2618
"3569",2619
"3570",2620
"3571",2621
"3575",2625
"3576",2626
"3578",2628
"3579",2629
"3581",2631
"3582",2632
"3583",2633
"3584",2634
"3585",2635
"3586",2636
"3589",2638
"3590",2639
"3598",2644
"3658",2673
"3660",2675
"3661",2676
"3662",2677
"3664",2679
"3665",2680
"3666",2681
"3667",2682
"3668",2683
"3670",2685
"3674",2689
"3675",2690
"3679",2694
"3681",2696
"3682",2697
"3683",2698
"3684",2699
"3685",2700
"3686",2701
"3687",2702
"3688",2703
"3689",2704
"3690",2705
"3692",2706
"3694",2707
"3695",2708
"3697",2709
"3698",2710
"3754",2733
"3757",2736
"3761",2740
"3762",2741
"3763",2742
"3764",2743
"3765",2744
"3766",2745
"3767",2746
"3769",2748
"3770",2749
"3777",2755
"3778",2756
"3780",2758
"3781",2759
"3782",2760
"3784",2762
"3786",2764
"3787",2765
"3788",2766
"3790",2768
"3792",2769
"3796",2771
"3799",2773
"3802",2774
"3862",2807
"3863",2808
"3865",2810
"3866",2811
"3867",2812
"3868",2813
"3871",2816
"3872",2817
"3873",2818
"3875",2820
"3882",2826
"3885",2829
"3887",2831
"3888",2832
"3889",2833
"3892",2836
"3893",2837
"3894",2838
"3895",2839
"3897",2841
"3898",2842
"3903",2846
"3956",2870
"3958",2872
"3959",2873
"3964",2878
"3965",2879
"3966",2880
"3968",2882
"3969",2883
"3970",2884
"3971",2885
"3973",2887
"3974",2888
"3975",2889
"3976",2890
"3977",2891
"3979",2893
"3982",2896
"3985",2899
"3987",2901
"3988",2902
"3989",2903
"3990",2904
"3991",2905
"3992",2906
"3993",2907
"3995",2908
"3996",2909
"3997",2910
"4006",2913
"4007",2914
"4061",2934
"4063",2936
"4064",2937
"4068",2941
"4069",2942
"4070",2943
"4071",2944
"4072",2945
"4073",2946
"4075",2948
"4076",2949
"4078",2951
"4080",2953
"4082",2955
"4083",2956
"4084",2957
"4085",2958
"4086",2959
"4087",2960
"4092",2965
"4093",2966
"4095",2968
"4096",2969
"4097",2970
"4099",2971
"4101",2972
"4102",2973
"4107",2977
"4108",2978
"4111",2979
"4112",2980
"4170",3003
"4171",3004
"4172",3005
"4173",3006
"4174",3007
"4175",3008
"4176",3009
"4178",3011
"4179",3012
"4181",3014
"4182",3015
"4183",3016
"4186",3019
"4187",3020
"4190",3023
"4192",3025
"4195",3028
"4196",3029
"4198",3031
"4199",3032
"4200",3033
"4203",3036
"4204",3037
"4214",3041
"4217",3043
"4218",3044
"4219",3045
"4220",3046
"4221",3047
"4222",3048
"4268",3062
"4269",3063
"4279",3072
"4280",3073
"4281",3074
"4282",3075
"4283",3076
"4284",3077
"4285",3078
"4286",3079
"4287",3080
"4288",3081
"4289",3082
"4290",3083
"4291",3084
"4299",3091
"4301",3093
"4302",3094
"4303",3095
"4304",3096
"4305",3097
"4306",3098
"4307",3099
"4309",3101
"4310",3102
"4313",3103
"4323",3107
"4324",3108
"4325",3109
"4328",3112
"4330",3114
"4389",3130
"4391",3132
"4392",3133
"4394",3135
"4395",3136
"4396",3137
"4399",3140
"4400",3141
"4401",3142
"4402",3143
"4404",3145
"4405",3146
"4411",3152
"4412",3153
"4413",3154
"4414",3155
"4416",3157
"4417",3158
"4418",3159
"4419",3160
"4420",3161
"4423",3163
"4435",3170
"4436",3171
"4440",3174
"4444",3176
"4445",3177
"4503",3201
"4520",3216
"4521",3217
"4522",3218
"4524",3220
"4525",3221
"4529",3225
"4530",3226
"4531",3227
"4532",3228
"4533",3229
"4547",3233
"4550",3236
"4551",3237
"4553",3239
"4556",3241
"4558",3242
"4560",3243
"4561",3244
"4562",3245
"4615",3269
"4630",3278
"4631",3279
"4637",3285
"4638",3286
"4639",3287
"4641",3289
"4645",3293
"4654",3300
"4667",3309
"4668",3310
"4674",3315
"4676",3316
"4678",3317
"4729",3333
"4730",3334
"4747",3347
"4756",3355
"4758",3357
"4759",3358
"4764",3362
"4765",3363
"4766",3364
"4787",3376
"4789",3378
"4791",3380
"4792",3381
"4794",3383
"4849",3402
"4850",3403
"4864",3416
"4865",3417
"4866",3418
"4873",3425
"4876",3428
"4879",3431
"4882",3432
"4902",3448
"4904",3450
"4905",3451
"4906",3452
"4907",3453
"4908",3454
"4909",3455
"4910",3456
"4968",3480
"4970",3482
"4980",3490
"4981",3491
"4982",3492
"4993",3503
"4996",3506
"5003",3511
"5024",3524
"5025",3525
"5028",3528
"5029",3529
"5030",3530
"5097",3557
"5098",3558
"5103",3562
"5106",3565
"5113",3572
"5114",3573
"5115",3574
"5120",3577
"5121",3578
"5122",3579
"5137",3589
"5138",3590
"5139",3591
"5140",3592
"5142",3594
"5144",3596
"5145",3597
"5148",3598
"5231",3649
"5235",3651
"5236",3652
"5240",3654
"5250",3659
"5257",3666
"5258",3667
"5261",3670
"5262",3671
"5263",3672
"5264",3673
"5265",3674
"5268",3676
"5269",3677
"5270",3678
"5328",3703
"5340",3714
"5342",3715
"5345",3718
"5349",3722
"5355",3726
"5361",3728
"5372",3732
"5373",3733
"5379",3736
"5381",3738
"5382",3739
"5385",3742
"5387",3743
"5388",3744
"5389",3745
"5390",3746
"5449",3764
"5450",3765
"5451",3766
"5462",3774
"5482",3788
"5491",3793
"5492",3794
"5497",3798
"5500",3799
"5501",3800
"5505",3804
"5506",3805
"5507",3806
"5508",3807
"5509",3808
"5510",3809
"5511",3810
"5513",3811
"5572",3835
"5573",3836
"5574",3837
"5576",3839
"5583",3846
"5610",3865
"5617",3870
"5618",3871
"5620",3872
"5621",3873
"5624",3876
"5628",3880
"5629",3881
"5630",3882
"5631",3883
"5632",3884
"5633",3885
"5696",3908
"5697",3909
"5700",3912
"5701",3913
"5704",3916
"5734",3935
"5735",3936
"5737",3938
"5738",3939
"5739",3940
"5740",3941
"5742",3943
"5743",3944
"5744",3945
"5749",3950
"5750",3951
"5751",3952
"5753",3954
"5754",3955
"5755",3956
"5814",3978
"5820",3984
"5821",3985
"5823",3987
"5825",3989
"5854",4009
"5855",4010
"5861",4016
"5862",4017
"5863",4018
"5866",4020
"5867",4021
"5868",4022
"5870",4024
"5871",4025
"5872",4026
"5873",4027
"5875",4029
"5876",4030
"5936",4050
"5937",4051
"5938",4052
"5940",4054
"5941",4055
"5942",4056
"5981",4085
"5983",4087
"5984",4088
"5985",4089
"5986",4090
"5987",4091
"5990",4093
"5993",4094
"5997",4098
"6062",4121
"6063",4122
"6064",4123
"6067",4126
"6095",4148
"6096",4149
"6101",4154
"6103",4155
"6109",4159
"6110",4160
"6112",4161
"6114",4163
"6116",4164
"6119",4167
"6184",4184
"6211",4202
"6213",4204
"6214",4205
"6216",4207
"6217",4208
"6218",4209
"6222",4213
"6223",4214
"6226",4215
"6227",4216
"6229",4217
"6230",4218
"6239",4221
"6301",4238
"6302",4239
"6328",4254
"6330",4256
"6331",4257
"6332",4258
"6335",4261
"6343",4265
"6344",4266
"6346",4268
"6349",4270
"6350",4271
"6407",4298
"6434",4319
"6435",4320
"6436",4321
"6437",4322
"6438",4323
"6444",4328
"6520",4369
"6521",4370
"6529",4377
"6596",4416
"6597",4417
"6598",4418
"6599",4419
"6600",4420
"6606",4425
"6665",4458
"6667",4460
"6669",4462
"6670",4463
"6676",4468
"6729",4498
"6730",4499
"6731",4500
"6732",4501
"6737",4505
"6780",4531
"6781",4532
"6782",4533
"6783",4534
"6833",4563
"6834",4564
"6840",4568
"6979",4657
"6987",4664
"6989",4665
"7035",4699
"7071",4719
